x1,x2,x3,x4,x5,x6,y
0.4296478401048786,-0.1434912989711613,-0.9725851787861907,-0.7671455148840022,1.0,0.8050102300376069,0.8517017880875402
0.27215181903070307,-1.0,-0.9056355536610186,-0.9067935800079816,-1.0,-1.0,5.815676039211942
0.7611550467606452,-1.0,-1.0,-0.31519783187548456,0.05925710507348225,-0.6603317780522275,-0.3468444308687665
1.0,1.0,0.9817330576183139,1.0,1.0,-0.6106124664975032,-5.305378237671028
0.011393160544323155,-1.0,0.8454796674882437,-0.6432296848669878,0.4293918594217798,1.0,-1.1737382942026686
0.8241674463790936,1.0,1.0,0.616554132330642,0.664427841051796,0.49868853803152896,-6.129134504606541
-0.5900987160989344,1.0,-0.28046916008674994,0.7855684170230584,0.2931196302959825,-0.056304175260620815,0.798159563728128
-1.0,-0.15049479520529196,-1.0,-0.6242460550578254,-0.9137216146643053,0.3756360805565185,-1.9883540911025226
-1.0,-0.5289367047105389,-0.4433811605091077,-0.41212992740045173,-0.6089184118495088,-0.8672902256952761,1.7419282334368738
-0.04936385265931012,0.13097423414964793,0.25287360351002774,0.7519208458260707,-0.3516952222688368,-0.2650775937994108,0.8848748476576149
0.16051008065371852,0.32367986430043,-0.5259648344471013,0.25361372095146917,0.39930275133613613,0.9634913670795174,4.4170532323876595
-0.3278386979067842,-0.9978940252542909,-1.0,-0.07128683605801123,1.0,1.0,4.325557257390855
-0.336357728093712,1.0,0.1858905165631346,0.45036092528652516,-1.0,-1.0,0.5565536292073741
-0.5112628165011428,-0.5887922245371473,-0.950092465625102,-1.0,-1.0,-0.40339832376164386,0.41078447320007794
0.46734712585355387,0.23028048747194707,-0.33256568493625843,0.5698331195878356,-0.43322086532885973,-0.7478219946172238,1.7837752431822005
-0.13497770985843016,-0.3138137493367419,-1.0,-0.0594349688737148,-1.0,-0.29990483505360965,-2.720658796206701
-0.16905343532876205,-0.6457082615953519,-0.04129861667307988,0.5636280384132095,-0.9202449214967496,-0.825234587959234,1.9665091266546764
1.0,1.0,0.24600881297406146,1.0,1.0,1.0,-0.31600043647297404
-0.1532981465615726,-0.9739963964939422,-0.346225476157348,0.3747786944189664,-0.11242369784477091,1.0,2.7241415273640794
-0.7962553548211776,-0.17988122533726503,1.0,-0.2582215342141485,1.0,1.0,-0.9024730722161788
0.06837915217787743,-1.0,-1.0,-0.7226896871877827,0.2546755737021288,-0.13671433166957248,-4.083271683153167
-0.023676946933602894,0.054272810521302284,-0.8730472731273988,-0.012072878103955409,-1.0,-0.8456439458671035,-0.724067093123984
1.0,0.6051572552521969,0.6579234951570874,0.1414558725325975,1.0,1.0,-1.2519877215571071
-1.0,-0.037055767350229196,-1.0,-1.0,-0.9218172516097084,-1.0,1.9340353111451498
0.2629403858594519,-0.3466647219374621,-0.34205471703803336,0.32223175435603413,-0.9497390634984563,1.0,4.342022877762975
-0.17624997100593554,-0.6159616172620704,-1.0,-0.6898782470148122,0.49362838807187515,0.22654905005292236,-1.8341314298160105
0.9111957702939526,0.25737448826540094,0.1279572679930705,-0.18116129460859434,-0.36934487554270945,-0.11004800606177056,0.6900488091491492
-0.7980960389117465,0.021782347775433857,0.6280019167994805,1.0,0.3690310829757145,-0.3186585081028108,0.3254618966575742
-1.0,0.5865260678884597,0.3018622947232149,-1.0,-0.34226964667875404,0.4551722231781464,-0.1155779423724671
-0.9302547311285299,0.31787703820004654,-0.12317582415008377,-0.7285326820629279,-0.4757350800258296,0.0004766349169306322,-1.7452239670686551
0.3921619294402469,1.0,0.5916259279158254,1.0,0.6898497188274484,1.0,-2.030843759472485
1.0,0.42240128614888617,-0.2937925794366263,0.1272012442454269,-1.0,0.1692764086181523,2.9780061860204574
-1.0,-0.7701587023851376,-0.18923251057741597,0.41886804842226477,-0.2870696098235088,-0.8218415919836135,0.5530710845039972
0.6976984695085864,1.0,0.4945575047566335,0.07825128034075515,1.0,-0.3688836701128704,-1.4485835429232399
0.8978268855576427,1.0,0.5767864952230726,1.0,-0.05413775986554814,0.2175966141222272,-1.1908970111441266
1.0,0.754665495375046,0.011004440777216073,0.2779906256910001,1.0,-1.0,-0.7232558147646617
-0.3545201799390127,0.6849902473088879,1.0,0.9577949370932151,-0.06360182460599767,0.018919248151375218,-1.9524653234464886
-0.4127481092951093,-0.235850825340954,0.21842426124299452,-1.0,-0.8332361855452426,-0.3579877050796634,0.9158762677226737
-0.15126771652600937,-0.8299631995206864,0.022785365278840564,0.12059501408542561,0.40900381929275426,0.433403382885469,0.9123150576638244
0.28481803681639634,-1.0,-1.0,-0.033995820385578024,-1.0,-1.0,1.431357511877739
-0.08184854234579908,-0.7084872420258899,-0.7381054331490102,0.514323900818334,-0.8072307443860403,0.5589571121599566,0.7636661222324941
1.0,0.5488349284064149,0.048239357008405204,1.0,0.41774405201000764,1.0,0.7446047497362216
1.0,1.0,-0.5026393038539565,0.49368823731097944,-1.0,-1.0,7.825567331977542
-0.8648989473700013,-0.25083626176913876,-1.0,-0.6604047870451099,0.030069877338788603,-1.0,5.420884986625409
1.0,1.0,0.4971541396809982,1.0,0.6991265949085593,0.9250177956089243,-2.888344756021604
-1.0,-0.9749431466932389,1.0,-0.5936746199690983,-1.0,-1.0,4.749831271293002
-1.0,-0.9904268567262657,-0.5470972427339856,-1.0,0.4991261716855575,0.9240101835806234,-1.6629264533685557
-1.0,-1.0,-0.5392365512269697,-1.0,0.8889591818434623,0.48499092196932747,-2.230332947777511
0.5910064490554836,0.33108550768042133,0.6130961326893904,1.0,-1.0,-1.0,6.763517273819581
-0.6445694058501708,-1.0,-0.33801243684148075,-0.029384708846973195,0.5761379707672248,0.2378816886438564,-0.4896820354284842
0.10236164722384478,-1.0,0.6478143091832783,-0.35100347907250773,-1.0,0.12737840747916263,3.4098208114864006
-0.25624237843908293,-0.7389135905734401,0.49904619038840115,-0.5529416242403731,-0.14097094810507071,-1.0,4.580905935619055
-1.0,0.3430326425902539,-0.6112190795232619,0.17545405928454505,1.0,0.7050093596475633,5.482271240552362
1.0,0.5961793753252381,-0.450012635676007,-1.0,1.0,0.7673916063405603,1.886650339403248
1.0,0.490801584768898,1.0,0.9329785783059514,1.0,0.23285089463356234,-6.32418178146827
-1.0,-1.0,-1.0,-0.8764605698538985,0.4772741218434433,-0.9067925203724444,0.8504542611513247
1.0,0.5742832310136348,1.0,0.21141605188498158,0.2501224296569925,0.5449230677144783,-2.5294968006796243
-0.3300653046709744,0.9303593180419493,-0.8018293119789726,0.2223310905172335,-0.484015136726589,-0.9330604374390037,3.085955209308608
-0.004110404936488732,-0.3887400692978348,-0.0076529887227998195,0.6307109355540421,0.44752974874734885,1.0,3.3474189874737763
-0.08753443182550358,0.03795896988636785,-1.0,0.8551410967124239,1.0,1.0,8.8770656184874
-0.12558691193525828,-0.27599785578657504,0.9057367012117938,-0.6158077088606992,0.750523450130111,1.0,-0.7957719250723886
0.24795933567412476,1.0,1.0,1.0,0.8989769906397158,0.0722431910693806,-5.97826002720812
1.0,1.0,0.13192673727239945,1.0,-1.0,-0.09365476536998979,5.290687944187113
0.32212639764943857,-0.7671464706622584,0.721638423169349,-1.0,-0.5242606145394311,-0.6545705630260337,5.31555537787293
-1.0,-1.0,-0.6833500223261426,-1.0,-0.619367837167877,0.8098789207055793,-3.1490417323159723
0.5526042738540107,0.7530911989247528,1.0,-0.026159688555061594,-0.41431228067635417,-0.8573104944387693,0.05562489677992477
-0.11852656324281854,-0.1430712734473265,0.5164927585696739,0.17425625935011685,0.5044561713439049,0.3300045134162496,-0.5335469451250098
1.0,0.4538256416801647,0.9823680088807338,-0.17052708326331079,0.8368195048803102,0.1443927405298983,-3.026897414578915
-1.0,1.0,0.31929618089426615,-0.6022402146181463,0.5759531557021271,-0.291105712563204,0.19965495855050605
-0.2846475260144626,-1.0,-1.0,-0.21602199934165878,-0.43424142418410716,-0.23057429574519492,-3.37022530596095
-0.24803670062906918,-0.19835288041450264,0.42015278400906664,0.9158164281743763,1.0,1.0,3.4823914311170845
-0.2866980632479773,0.5704963270850283,0.5533034536278096,-0.6552420740349488,0.20715176699092414,0.947481240420154,1.0350886846380831
-1.0,-1.0,-0.9117925770810914,-1.0,1.0,0.364328540714965,-5.283433524741292
-0.12938654329955468,1.0,0.3165580625721014,0.928620433768588,1.0,1.0,3.149977885255955
0.29837757698609463,1.0,0.7696359706490332,1.0,-0.3397274073739216,0.07176361424537625,-2.403933555063325
0.09935732243888587,-0.06202138393246037,-0.07890067662616451,-0.4616372581236584,0.15605035541152384,0.41043752457513266,1.270145173768846
-0.014298815106442597,1.0,1.0,1.0,-0.8867154183020228,0.2425280050642019,-3.1463568622157236
-0.1943356941285686,0.3098470828341813,-0.4003200611591099,-0.5343742938368643,0.5426449427416635,0.6590468112178417,2.3554413186250605
-0.013637842747268508,-0.10513983205286936,0.17670607386320886,-0.21973932516178973,1.0,0.8288232888369012,1.5182511279139015
-1.0,-0.014163307190421692,-0.5136411262707106,-0.7144884042307129,0.040531227051906454,1.0,2.7701099328370247
0.5952341850960452,0.8886131865345677,-0.825420486841302,0.6793964072590144,-1.0,0.2437298666123393,4.081425293445623
-1.0,-0.8894402711761262,-1.0,-0.1706814132143447,0.9498954695303996,1.0,5.769243244043599
1.0,0.14225695861711296,0.04297968028456463,1.0,0.0027841061259883393,0.4019380413231419,-0.5374343793997585
0.9399353960151224,0.7539088839366321,0.6266977391622339,1.0,0.5319207942219779,-0.7019821698185058,0.9795322428666607
-1.0,-1.0,-1.0,-0.1537266972410218,0.5905924755012224,1.0,3.979004338060438
-0.9000814779270058,-1.0,-0.641109143512296,-0.19385645361444895,1.0,1.0,3.0973674349107925
0.5980865674077716,0.5452441572627467,1.0,1.0,1.0,1.0,-4.377590180108568
-0.7534319712909447,-0.7581259016022579,-1.0,-0.6546530027198267,0.47636481585398743,0.9518646560372517,2.7442513241899475
-0.4846697229719533,-0.8914176414941306,-0.3452183665991171,-0.6047979970523281,-0.4443764225163619,-1.0,3.57667067811615
1.0,1.0,0.7727708366703023,0.4581632909064757,1.0,0.5529711179504868,-4.78858163494384
-0.6555881856672081,-0.4580936660184509,-1.0,-0.8431931290531878,1.0,0.8764214224562233,4.463362187112143
-0.655727990100818,-1.0,-1.0,-0.5791864132332643,0.6974211918525117,0.8135274384941515,-1.6834295105755286
0.592942103839547,-0.026984159426748117,-0.5214428407276592,0.870272555050517,-0.894175198124971,-0.4938437057404266,1.0127773696507125
-1.0,-0.2330898601179343,-1.0,-1.0,1.0,0.031671346880880025,-1.9077531828907623
-0.01122152459842407,-0.11784596774932143,-0.15253239297461121,-1.0,0.10428818258495265,0.5643299147510887,1.4118805515854307
-1.0,-1.0,0.6256017992645869,-0.4917644295896122,0.40661731981904436,-1.0,7.086767763119847
-0.37779004905009894,-1.0,-0.7590670399097814,-1.0,-1.0,-0.6952666209414797,3.7034840092136676
0.354311387336293,0.45388843756603664,0.8184863153105412,0.9551035610619981,0.4385145737064404,0.4492220062339001,-2.997262989679227
-1.0,-0.507327679030602,-1.0,-0.5333047822607899,0.6367499831428348,0.8814407066142328,3.1720675861913197
1.0,1.0,0.043708847800647516,0.7779153158581102,1.0,0.1204051016211074,-2.655297591148641
-0.332382169083823,-0.8753860033945893,-0.4391312307736004,-0.9622083828520833,-0.01534502766468715,0.7991067636126848,-0.8875315592987296
-0.03367009549932898,-0.8114092132861284,-0.7072920360682095,-0.8112906815895682,-0.6932047559199312,-0.7295355430361314,2.72326553162073
-0.928368003290361,-0.392147688029151,0.6151030913760319,0.048110930867980184,-1.0,-0.11361056189587088,-2.6388574513121
1.0,0.16936708587731486,1.0,-0.43880017089352735,1.0,1.0,-6.0016385454533765
0.9917674219736217,-0.6527035814639849,1.0,-0.4234436359544989,0.2934695612900149,-1.0,4.343733159067597
0.6093097751897676,0.8479483915966217,1.0,1.0,-0.07912657162056894,1.0,-3.4546843894511907
-0.2644515063884334,-0.790230894698873,-0.22641623555887058,0.4100064070170218,-1.0,-0.7895774528811007,0.5628850372578467
1.0,1.0,-0.9765906162326943,0.9838704987502171,-0.7555568644549803,1.0,12.00192999414831
1.0,0.9773475656272506,1.0,1.0,-0.93348375486796,-0.420763934852848,5.398610096123704
0.36551929046161147,1.0,0.569418989630233,-0.16570126409021346,0.02782667625797211,-0.10938032077407578,-0.5359600157309011
0.7983622326229999,1.0,0.9236583476430328,-0.2828196638782653,0.7594931435938915,-1.0,-2.8304657274921348
0.17161883972270497,0.3851053732750751,-0.12014161516111688,1.0,-0.24324177877494133,0.31688161081205035,0.07202999969817214
-0.30604919731919045,-1.0,-1.0,-1.0,-1.0,-0.32973684309753293,1.6160922945694043
-1.0,0.2211273353007192,0.2316542551752202,-0.6875831205681364,-0.5809877015455684,1.0,0.7366680339108087
-1.0,-0.6859457791783438,-0.7669683274680095,0.29556422341384964,-1.0,-1.0,-0.42716452994920645
0.5541713173754675,0.5893320835968299,-0.26390625414641783,-0.13572311765546374,-1.0,-0.800384808924999,1.5276146055807598
0.2997446268719388,0.573900472139467,0.14120326381007675,1.0,-0.9377038927727439,-0.09550319517539238,1.49761779348897
-0.1574667997276713,-0.8572115073688338,0.24695721535465254,0.5302272971513811,-0.5406064460658195,0.4701259792243444,0.8795474464352157
1.0,0.9562649439210857,0.6788800720928976,0.8052485130775293,-0.6777667115024694,-0.021715165768599554,1.169615041182129
1.0,1.0,1.0,1.0,-1.0,-0.8601148651239476,6.96911324934357
0.7467946552478729,-0.765883377333433,-1.0,-1.0,0.38994693534284414,-1.0,1.9442424190973489
0.40036320152560806,-0.5971945906511038,0.738581020473956,-1.0,-1.0,0.3318139218335333,4.127912888929725
-0.8494662821548786,-1.0,-1.0,-1.0,-1.0,0.18516115171296982,-2.0103496625708224
-0.2602929896582442,-1.0,-0.4122730781578571,-1.0,-0.16130311695659727,-1.0,4.342638413769753
0.3682720815936878,-0.02976072813311234,-0.6968538081299287,0.18149580014411115,-0.18985064839939458,0.3220151629915205,1.0078238880678525
0.23898880305418918,0.006943218358054115,-0.3220268467172867,-0.8032391855975423,-0.8474600424048948,-0.5451669346309749,0.4397311259748866
-1.0,-1.0,-0.8006389408304722,-1.0,1.0,1.0,-0.7949899380683791
-0.7261926198981556,-1.0,-0.48758446861376825,-1.0,0.9874460232135968,0.3112206440337546,-1.6945233332701637
0.005829769527636419,0.5242313939589833,-0.27385378792213955,0.9191225542218626,-0.27018394375114085,0.11777175045551497,0.0611251243970497
1.0,0.22522619587422277,0.7968521422341583,0.9470896902198298,-0.04984460143293887,-0.16175220825542824,0.7441599003392092
1.0,1.0,0.014230759659355607,1.0,-0.6992585030456661,-0.2030657948821256,5.296996145743175
0.5628421734769784,0.12269347793534535,1.0,-1.0,-1.0,-1.0,3.1985524019249496
-0.7874140622544274,-1.0,-1.0,-0.26425529124659725,-0.7335283341240176,0.8899566982735686,-0.14284265623066458
-0.22401082878846398,0.3276745939258669,0.8013029132244562,-0.8935305648547827,-1.0,-1.0,-0.4310551431344191
1.0,1.0,-0.705736471792303,0.537598333178835,0.7803723470057616,-0.7828670733647958,-0.5036939236023917
0.5867749535224892,-0.29997966319059194,-0.06498150549765919,0.25986550480456233,-0.2446299176409552,-1.0,4.350518534106778
-0.45675874547985323,-1.0,0.01890148625147081,-0.2338659625072494,1.0,1.0,3.118664781540617
-1.0,-1.0,-0.3638255233987151,-1.0,0.47152835853485764,1.0,-1.9647304989604812
0.6634186390176192,0.17572800064955274,0.3406076398376822,1.0,-0.42899327487255684,-0.3205957846847861,1.7624344613866707
0.15246096065365866,-0.06678812186591959,1.0,1.0,-0.7320700039482027,-0.7670438935063294,0.2903241872199209
-0.9936880885314718,-1.0,-0.644951020086032,-0.49935458561876894,0.38182612967833807,0.01616168983434707,-1.0909691463097508
1.0,-0.26625240992687593,0.6056514399920717,1.0,-1.0,-0.7217023227135446,6.945850657703182
0.9691635760359737,0.9836883262758207,1.0,1.0,0.31290493433326183,0.7636130750937178,-6.775792360386984
-0.46985225316748336,-0.33913333170147153,-1.0,-1.0,-1.0,-1.0,3.3251274386840044
1.0,-0.07340388171470313,0.2390260281084129,0.14348096467650967,-0.30692571099020893,-0.821846097833836,4.372830038496512
-0.5192443073610604,-0.4008667868955442,-0.9178628754760018,-0.8039435922154465,-0.9190401155730223,0.1586704594361722,-0.7776788064642957
1.0,1.0,0.5027158468228965,1.0,-0.5705175155352451,0.4798016328814916,2.179071684138368
0.24880616881935247,-0.38984671599030707,-1.0,-1.0,-1.0,-0.17148868485777444,1.7723734125173942
0.04386671005700421,-0.2825300510126811,0.1728583589922706,-0.11043608271069416,0.577081277900338,-0.27691273035988817,0.29832287419500203
-0.6901343879791055,-0.5869148634350552,-1.0,0.011451299736510268,-1.0,-1.0,1.0859103052184635
1.0,0.46439130127838,0.7985237459543792,1.0,0.02596896220526712,1.0,-0.34742848008518035
0.15065972049578646,-0.3197625136926985,0.2891187429591078,1.0,1.0,0.16737627847606246,0.36967656705404717
0.7118533154735379,1.0,0.27407826524518947,1.0,-1.0,-0.26000639073513976,5.033585455935844
-0.8683850116046066,-1.0,-0.269995544276745,-1.0,-0.16087506282988695,-1.0,5.0901341368308755
-0.08867992663260271,-1.0,0.21431234373908925,0.16100325939749027,0.987769261102758,1.0,3.6886046725199333
-0.9527888013744265,-0.39608037877788704,-1.0,-0.12050086141136471,-1.0,-1.0,1.4957224567495866
-1.0,-0.12627267529194453,-1.0,-0.36519837055260096,0.5728680502357045,-1.0,6.6980161867980605
0.5001987588718648,1.0,0.4687813466795101,0.4905591998989709,-1.0,0.20096355781671138,1.5943265774463702
-0.9064826386910705,0.8550071293585303,-1.0,0.02154117460901403,-0.9163458987525999,0.3452861340418959,0.5234343217564511
0.2659564201460301,1.0,0.3770684658009771,-0.1056375461199417,1.0,-0.4402667982269134,-0.996826909320031
-0.42297123906316547,0.5478952902217292,-0.02769630522836042,-0.7629478228334666,1.0,0.882232873658394,5.59461124344415
0.935536622499717,1.0,-0.0009887107541848295,1.0,-0.5571143862799232,-0.2717735145044148,3.7352605653600754
0.3788048383214976,-1.0,-0.3465977387792807,0.3840660673672992,-1.0,-0.4198917144796708,2.285187828514945
-0.03426704836688904,-1.0,-0.9317862006541304,-0.9390164347212848,1.0,0.7576135574171348,-1.7054973321453122
-1.0,1.0,0.056386329182380734,-0.511576683165243,0.2521389860304925,1.0,2.5901671116128107
-0.4782454692064614,-1.0,-0.000201990173020139,-0.03683517641843542,0.9435241753540582,-1.0,4.651833673924469
0.20356670585368075,-0.9356864549797326,-0.3513415366362572,0.1781853368699599,-0.3855953386922528,0.7958312497311623,2.371406805947173
0.9903495152123551,0.5427770088370223,1.0,1.0,-0.6549595372109807,-0.021114741813494486,3.3843354254516043
-1.0,-0.6928910619440993,-1.0,-1.0,1.0,-0.2197153818104587,-2.9131162733100173
-0.70412700610681,1.0,0.1814991192733234,0.3166491181756706,1.0,0.19163703126845255,3.32707513845962
-0.5514996920280515,-0.7778006071780934,-1.0,-1.0,-0.6447402815474719,-0.8193140765019942,1.9674199511860937
-0.9581364420293162,-0.33938813326372697,-1.0,-0.8238154249864855,0.20738254801814193,-0.13591157347046579,-2.225164172683696
-0.498698338309891,-1.0,-0.904447175156057,-1.0,1.0,1.0,-0.007715173374579734
-1.0,-0.9930922101323021,-1.0,-1.0,-0.05543328792780233,-0.5344178454955661,-4.371385356933311
-1.0,-0.6229410753569522,-0.1496775343813188,-1.0,1.0,-0.0587575919051324,3.651355091800524
-1.0,0.27897463812683965,-0.4574852031560574,-0.08854491673844056,0.04195046227407573,-0.19078237407703713,-0.11786504799244266
-0.09716557539700998,0.367396836256183,-0.22531046181912395,1.0,-0.3582108797637591,0.7459585436273337,1.412329602712853
0.26090383864544986,0.5308986378468455,1.0,1.0,-0.572399036260727,-1.0,2.7790922639605165
-1.0,0.13962975768231867,-0.08847338089563495,-0.6114720397932247,-0.9937509916355741,0.5696087565358224,-1.5574669430509056
0.27180731750809706,1.0,0.30684938159878994,-0.4822233887309464,1.0,-1.0,0.6300331515860458
1.0,0.36178024590078706,0.9413247996883869,1.0,-0.1421853347607106,1.0,-2.376593868811288
0.180833714203106,0.06956721550129971,0.3614537149986736,0.6121089932594403,1.0,1.0,2.8718218269193727
-1.0,-1.0,0.6945230593744101,-0.8483647475063776,-0.6213747795235717,-0.6465621122789305,3.446237471061969
0.481670646647154,0.9195288664721156,-0.6541442208945677,1.0,-0.8862247299118363,0.19553997194695524,4.706164506219234
0.7437588843073714,-0.4987373457357038,1.0,0.7406289496168308,-0.7435354781344778,-1.0,4.88893540420251
0.2617633608887351,0.13340156221576235,0.879606079970162,1.0,0.06011891221117176,0.5682943009942171,-1.3810004784928709
-0.228910875531802,-0.7004847220786592,-1.0,0.12879086019685482,-0.5943872564748058,-0.59670163218016,-0.5450612742006937
0.055262701939017556,-0.30221545051624427,0.2552862344316793,-1.0,0.2531679634747708,0.6060906976111284,-0.31482459395132545
0.24637396483081608,0.38420064993473324,0.5489810527599154,0.6413846718698336,-0.7563062011253234,0.002069245888753596,-0.1808219662928331
0.4795947616901919,0.5368575661578756,0.3696596689105611,0.6110318996543449,0.5312116478152046,-0.3259222934516011,-1.0001769094460753
0.9995650535622984,1.0,1.0,0.2741496831727176,-0.4524316654315571,-0.6347114656180598,1.1993669866300956
1.0,0.24091832902583188,0.3351394797080254,1.0,0.27532329200490796,-1.0,4.194021049879592
-0.4580130773929832,-0.7547717559820315,-0.6187302024780557,0.40231256257657677,-0.03838448998251004,-1.0,2.719509902404659
0.26034767498996647,0.8023328208178165,1.0,0.47812360424673883,0.007280655740095621,-0.7795194992831509,-0.008495825645918161
-0.22646657021926708,0.3042742654493831,-0.26553480353852005,0.48622749444892777,0.8027795267629743,0.11814881869831817,0.9639142519745658
0.8943649908177251,0.9875490485448513,0.8367763568692188,-0.3258298291801789,0.22607783763910333,0.08271913344288914,-3.338759691760835
1.0,1.0,0.38881204631329447,1.0,-1.0,-1.0,10.8297981495285
1.0,1.0,0.2785689466008737,1.0,-1.0,-0.2511833360218456,5.540832206236252
0.6065993381225255,0.9983587740207938,1.0,0.13389583617915868,1.0,1.0,-3.8353512043884206
0.36176734059417537,-1.0,-0.917068040590538,-0.7396567887575354,-1.0,-0.28653287188073007,4.076034205278948
1.0,1.0,1.0,0.03816615808151269,-1.0,-0.9485523690253703,2.986870282327618
1.0,0.8907880136805432,0.06297740006596297,0.028219070105904187,0.6465327297318137,0.10267848015240205,-0.8254049933146017
0.02365095351730573,0.7080081991572553,1.0,1.0,0.2672048062974053,-1.0,-0.7782444340696516
0.709318815689654,-0.38821505557769914,-0.35117463783776,-0.7012118662105272,0.04782148499201455,0.19034980254460643,-0.8486248052373206
-0.2635369979421187,-0.8610950883119655,-0.5509626805551275,-0.0924485374994024,-0.9577659013201917,-1.0,1.410475026101349
-0.48272785244602934,0.3746336780343489,-0.4258021561273198,0.052853443156955116,0.5602791381791334,-1.0,2.497956932484695
0.11978409710018456,0.38364679777736127,-0.3005933153377776,0.21206522232625308,1.0,-1.0,0.5954541913674346
-0.814939264787524,-0.9003038063514606,-1.0,-1.0,-0.43031334504143237,1.0,1.2248956660906034
0.2818224134222045,1.0,0.47746089842559075,0.34290845659938923,0.1083302341005965,0.41994869318723715,-0.8077211250315117
0.0979076190350424,-0.11049325432597851,0.109366770229261,1.0,0.964873633155825,1.0,5.078458003494914
1.0,1.0,0.537089751337488,0.4954042807775869,0.8364548774720207,-0.10956133844197823,-3.4215632635468634
-0.8132274476404289,0.20402676509060816,-0.4286991330529062,-0.16780415911124125,0.37903478188543926,0.18864411493179892,0.01969723644594168
0.1902340913245142,0.4363439951501977,0.4595473950009068,1.0,0.8024946406301948,-0.5254060738229842,0.14846032000775622
0.6091721618107149,1.0,0.912206771261366,1.0,1.0,0.18117635578473879,-7.352859600984102
-0.5077277490551704,-0.15942638774423212,0.3664033259833752,0.4875662531954852,-0.18301834240757886,-1.0,3.311267264595
-0.6930607245049178,-0.8086662759456478,0.23583762320110235,-0.9973133172739448,-1.0,-0.7789279872004026,4.763698350068356
-0.46181004407425924,0.9528729916222831,-0.8056643899794536,-1.0,-0.13098554791925904,-1.0,0.34221211034725474
-0.08030587955572399,-1.0,-0.29338052420199945,-1.0,-1.0,-1.0,8.60274612829479
-0.05060185370388298,0.2557542429544565,0.653256319750474,-0.24752171844696785,-0.5120222300069879,0.7664728222539856,0.6732899434399425
0.03953763892265971,-1.0,-0.0192384367106975,-1.0,0.42220692073601573,-0.03032777910884739,-0.1909340239431105
1.0,-0.2870767606178247,0.05968149432355391,1.0,1.0,1.0,1.7842524013353158
0.4768079086990714,-0.31645583946205846,1.0,0.6021876521316186,-1.0,-0.7377232965565313,3.404830582061182
-0.5560006124819716,1.0,1.0,-0.17637785650695026,-1.0,-0.8556224544307869,-4.613100568745603
-0.7876190055205815,-0.03538484463195979,-0.16669268996258083,-0.5097829941136467,-0.3423641719049253,-0.7481507466723856,0.3348924171172146
0.732434570186113,1.0,-0.3756405782070389,1.0,0.8458464525605606,-0.7164653709543721,-0.2765385989157585
1.0,1.0,0.8430552535219014,0.8482886537215704,0.7589608073388585,0.15376386345393034,-6.314403251483352
0.24991784366634406,1.0,1.0,1.0,0.7762499677246233,0.7128207474105228,-7.0342882060641525
0.3018379281807997,-0.6202166413491355,-0.5637672314728224,-0.029042802979525606,0.4792520885548234,1.0,3.0254487200460285
-0.7903135110063091,-1.0,-1.0,-0.6534049808717293,1.0,0.7226651261157268,-2.3262908184827245
-1.0,-0.6948259427230788,-1.0,-1.0,-1.0,-1.0,4.195784611909401
-1.0,-0.022092635886859557,-0.39051744570798047,-0.5636896315530492,-1.0,-1.0,-1.9056528281268565
1.0,1.0,0.3042571040759534,0.05712152494110838,-1.0,-1.0,5.106983576435915
-0.750763213028051,-1.0,-1.0,0.05275566493758005,-1.0,-1.0,-0.1628481930769763
-1.0,-1.0,-1.0,-0.7721270171279412,0.37139586480312625,-0.13087078445137545,-5.245769233417362
-0.8762584975701821,-0.030137998143362585,-1.0,-0.12550494138897528,0.5168378597545227,0.7845082204586995,4.111670161404273
-0.2924268562970542,-0.12190161730922311,0.009146198023767038,0.5928391696262064,0.31031067050384875,0.46937588184653867,0.9761854976512201
-1.0,-1.0,-0.4136597987280963,-1.0,-0.6031497602684738,0.5079937166487213,-2.973575874926385
-0.5020855556794313,-1.0,-0.48377341561778237,-0.9974233647526887,-0.854943258503154,-1.0,5.74337960227078
1.0,1.0,0.1976357575908383,-1.0,0.35719598387409146,-1.0,-0.0684698918697012
-0.6207651151254934,-1.0,-0.14279850643652361,-1.0,-1.0,0.009940619729354283,3.5447088077400424
0.8305914906671521,1.0,1.0,0.35101178405404454,-0.4016408182217426,-1.0,2.2904162600631883
-0.21844866572920085,0.17307252236156634,-1.0,0.34921423915574923,-1.0,-0.7465400190935882,-1.4782131186846947
-0.2927143991933207,-0.3936995483103099,-0.5290758794243551,-0.9974634060380996,-0.06473795408066896,0.5500152442084145,-0.2061740353006158
-0.8690870706810871,-0.2906324151791986,-1.0,-0.8170268868656339,-0.06029865374697882,-0.533484271549401,-0.9195008799486313
0.08751558081322908,-0.06158025704254855,0.05832465713899537,-0.6543833072285994,-0.2516590908864334,1.0,2.5440046282314026
-0.02666206391973125,-0.751856253807724,1.0,0.1997104695600943,-0.6589291253116477,0.43356186030675603,-0.3845673188188024
0.6063191555050162,1.0,0.6360359037263568,1.0,0.33115205409759774,1.0,-1.7549700976552716
-0.34860235076794677,-0.6339125868708873,0.2424671634817399,-0.8435891154125736,-1.0,-1.0,3.244812453725587
-1.0,-0.3344494356695022,-1.0,0.09010085525559419,1.0,1.0,8.222063123201467
-0.5195225195164399,-0.007525302094885777,-0.12747905320023323,-0.4346323923579687,0.02380954513243326,-0.4576206440631762,0.47272946225883217
0.7763388460774385,1.0,1.0,0.2544222199864462,0.005203341544291473,0.3100694034945243,-3.169129822177284
-1.0,-1.0,-0.09088237032550883,-1.0,-0.13012991061099943,-1.0,5.0001866335419844
1.0,0.7882376463183638,1.0,1.0,-0.7583486938602146,-0.5521017432216522,6.353408389363546
0.7596010432982089,1.0,-0.8635319339989638,0.9807058267822191,1.0,0.34934393289835264,-2.106699616762021
1.0,0.9548640178202048,1.0,0.7858068299072563,-0.3187365297647633,-0.5065514877263698,0.7103120282859617
0.8529394996362697,0.3357839205017624,-1.0,-0.8542216894786833,-0.5387518268568459,0.34809907470708074,2.3891055465723006
0.29440666677162075,-0.3477910182030197,-0.35877242826047046,-0.6148933228029863,1.0,0.8320234786478902,1.741198487093918
-0.7645873782742123,-1.0,-1.0,-1.0,-0.4297561068683241,-1.0,2.9495055509122645
0.7045571562722708,0.7822307196732246,1.0,1.0,0.35786899565818486,1.0,-5.997341233423589
1.0,0.8295961738839108,-0.17550944305687965,0.6749098852227882,-0.29622473559572937,-0.8369818457601598,4.677173662129241
-0.8260654715881319,-0.6030639099411829,0.614085718526669,-0.8989539896143292,-0.9310732692897095,0.03147750288207257,-1.0969543483444235
-1.0,-0.2006897011129391,-0.9858836817623844,-0.2628250464427768,0.6786607584856366,0.8719894531728524,5.797763758363477
-0.6128548958834396,1.0,1.0,1.0,-1.0,0.35412511309692035,-4.903014959095556
-0.3341774892472076,-0.7279066063882129,-0.5548414420939225,-1.0,-0.09149282113145507,0.44930627211520835,-1.6484584908402415
-0.9736720875054823,0.16455296238207173,0.578844906693797,-1.0,-0.2416913152640855,1.0,-1.6104529921635558
-0.30808837566111125,-1.0,-0.23721410274328825,-1.0,1.0,1.0,2.0378830985693246
-0.5943538071153155,-0.8796690244522442,-1.0,-1.0,-0.26884182949680996,0.5115691552258443,-2.4884942135522206
-0.5165122887838672,0.445566093340647,-0.7296445808293633,-0.16697404095318147,-1.0,0.5545363475313797,0.891631874846697
-0.6277772442306407,-0.4557153163898646,-1.0,0.05549760070334289,0.9289639993341929,-1.0,5.11577483994814
-0.7597493525823663,-0.180338381245158,-0.3263212235850833,-0.37467494540665,-1.0,-0.14167387304360196,-0.45279660487659057
-0.16590811299593516,-0.28662726859920146,0.4189810006774506,-0.13304844167223084,-1.0,-1.0,0.8923964068765676
1.0,0.6713356095882697,-0.27382714798416175,0.07703355189395211,0.11835817692183692,1.0,2.600402339186704
0.28637127309305466,-0.11806155975955446,0.024414839434008906,-0.6922323805861021,-0.08883645683254232,0.69759045149377,1.238603059533758
-0.6766174163163972,1.0,0.7514391560003187,-0.2772746801510705,-1.0,-0.6997697689537024,-3.8716461389744214
-0.5572965159595658,-0.018106601548786294,-0.8403310821865504,0.274892790853176,-0.9911539504514331,-1.0,0.7166821484984425
-1.0,0.6886287113956004,0.28535890199948144,0.5839170631272455,0.262975175828399,-0.5141641041773753,1.0732785255779451
-1.0,-0.43509234029246346,-0.6529836343618906,0.18792300129003625,-0.43311486182856673,1.0,2.085074437160575
-1.0,-1.0,-0.05359131576910947,-1.0,1.0,1.0,2.105975933380586
0.06356771291129859,-0.641452541101438,-0.527301543660905,-0.7565731565183829,1.0,1.0,1.4343680939928216
0.47590693489538327,-0.003912611270566413,-1.0,0.4075052556737729,0.13052255078735173,-0.3664949960870849,-1.44671601541988
1.0,-0.6924337602348187,1.0,0.5032082840926889,-0.7278761458561538,-0.2425334306801341,6.406062899568674
1.0,0.786153973013167,1.0,0.7948318582152873,-0.4037047643623878,0.14168873098243473,0.32024418679301514
0.4038561569259447,1.0,1.0,1.0,-0.7192385938078034,-1.0,3.776045262317063
0.019459044239440226,1.0,1.0,0.9780816388913955,-0.4756215686663733,0.32441812310901924,-3.327900469519262
1.0,-1.0,0.4191953909352404,-0.3760855263745356,-0.12113197690027899,0.7129607658044821,1.0097823520008844
-1.0,-0.23709461625681622,-0.013383745437194922,-1.0,-0.8031871246796791,0.8431171804217356,-0.9924538969723774
1.0,-0.41093264310961364,0.2629776649196638,0.8096294372352597,-1.0,0.30417955341475633,3.2053781605851053
0.28396489522974255,0.7479722149835079,0.7044340360743244,0.7303015891865009,-0.26831866239931335,0.650957819092347,0.36941050851073975
0.3286793625364932,-0.6283290883549311,-0.5458137117269917,0.1562649698131337,-1.0,-1.0,4.252402044755152
-0.3401903135140212,0.018137607092876956,-0.8174896199359973,0.7868244909573409,-1.0,0.4495003325083786,-0.49976396770006204
-0.13506056248645343,0.41815099320705396,0.6634415364274084,1.0,0.213547952756031,0.06537619992199539,-1.7371323756378771
0.48667140443530266,0.23122618094647024,0.6066803602788873,1.0,-1.0,-0.7232712346849516,4.320231836054986
1.0,1.0,0.7425602918298965,0.18677299610254527,1.0,0.20149920465488608,-3.871176779920509
-0.2650739484099127,0.39319725161270735,-1.0,-0.028889066463795632,0.2696918454033994,0.3323810241885341,0.5796253629921568
0.9214573705327989,1.0,1.0,0.7244514739038048,0.495236116970625,0.3885642077185092,-6.337280177041207
-1.0,-1.0,-1.0,-0.5376958184150067,-1.0,-1.0,2.1224853381971847
0.09396639545484775,1.0,0.20331218887818758,-0.18238051179654502,0.8697013770489331,-0.8902262817074691,0.9896500531204186
0.6972719250793193,-0.4099822524133383,1.0,-0.3703758952286598,0.48050469033172855,-1.0,1.7750683352884888
1.0,1.0,1.0,0.1579520671300807,0.9353867974412231,0.5932022142230535,-5.953809814718429
1.0,1.0,-1.0,-0.8092589526006938,-0.666390503002094,-1.0,5.887519964982979
0.703450927187891,-0.19457416137984757,-0.5545299469576941,1.0,-0.7124096789054044,-0.6725320887777204,1.5279978284019484
1.0,1.0,1.0,-0.05601759435149212,-1.0,-1.0,3.5937486136748107
-0.28312534473642015,-1.0,-1.0,-1.0,-0.41250310408519325,1.0,1.3793946481682653
1.0,1.0,1.0,0.5502920924650402,0.6092571230634873,0.1971752411710958,-5.527000935702625
0.5106384292061091,0.3250469270782959,-0.21152232411411886,-0.13056560857824875,-0.9251662948418076,-0.2517808496404657,1.7948517638360633
1.0,1.0,-0.07393966006665253,0.37390066439101993,0.34175405709983436,-1.0,2.788113307907695
0.24464396201120509,0.8829490883249688,-0.15002234974591744,0.09936204035174179,0.9872853712433193,0.3324377077527475,0.3407502175946885
0.4044606154578132,1.0,0.2140071324326127,0.040889715241660296,0.64903148535951,0.6689787485037364,0.774582024119963
-0.740538734806162,0.752182351092546,0.7265158279729392,-0.4266486683077075,0.30547189996916346,1.0,-0.39094382736097744
-1.0,-0.11849667604346828,0.285522386811504,0.059912778989814564,0.9698977601950421,1.0,4.162638485428833
-0.4348642070203891,0.7275538404827342,-1.0,-0.714105168367416,-1.0,-0.6402490457473626,-0.15611413456978107
-1.0,0.2154220377389372,-1.0,0.4073960717293334,-0.7130941145992097,-1.0,3.251386796596319
-0.27079121288228697,-0.6976625468465492,-0.45036923466526263,0.5083615225881521,-0.5211170330256504,0.04283422960103955,-0.29772550837912254
1.0,1.0,0.09790433943249832,0.5541007208929658,1.0,0.5092812796527479,-2.822483512265621
1.0,0.3082835682792441,1.0,1.0,-0.9563317561200668,0.13842244299008388,3.3209105308354157
1.0,0.36726954214331564,0.052130993243241,1.0,0.12335450126491199,-0.08482596718998203,-0.7031820072221772
0.6150595050706786,0.2972974523498505,0.9391089213353432,0.3902051267220966,-0.8641240985876908,0.7856173274859314,0.6940728177657208
-0.15255787437826063,0.17207752476097424,0.6020003444480978,0.7299695334723606,-0.19083720315649644,-0.2501585158178141,0.31309580320741326
-1.0,-0.6532686240346777,-0.04879165335167801,-1.0,-0.8969384717214743,-1.0,2.6482059617845204
0.8505268492827354,1.0,1.0,1.0,1.0,0.47429533456897677,-9.653403637579277
-0.44529181051541655,-0.16771555873237906,-0.057922689275082595,-0.6518340056926506,-0.1542422132846628,1.0,1.983317390586258
-0.2857395790851541,1.0,1.0,0.02995500249013955,1.0,0.7399264351325598,-1.75932134492759
-0.2951743575305579,-1.0,0.22606670127831222,-0.5160252246014986,0.4907121749246076,0.8059758299637116,-0.7355893272015189
-1.0,-1.0,-1.0,-1.0,0.1871287861456995,-0.24493568124609932,-5.557371697204474
-1.0,-1.0,-0.25293578442215225,-1.0,1.0,0.03489300211032911,2.352633486358408
0.3228949067978093,-1.0,-0.5067414900187907,-0.8586022711922292,0.13133548964408504,-0.06647144144123324,-0.8931097423150418
-1.0,-0.873357500130522,-0.44662260907909707,-0.21327438038826974,-0.21598197917595185,-0.44706042090944476,0.1020948881522582
-1.0,-1.0,-0.2269532057667496,-0.021775696241864706,0.5086121808443809,0.4452119551882971,0.46558005869790936
-0.14271378297178594,-0.4397379513390729,-1.0,-1.0,0.21848392828167995,0.3420609939302166,-1.200195355341309
-1.0,-1.0,-1.0,-0.3255742372300243,0.1804891953613682,-0.04814593445494919,-4.538454617689592
-0.5429787041141539,-0.5845546187813615,-0.3590056199326297,-1.0,-1.0,-1.0,3.821170225195562
0.7189036134892295,0.26970663335665246,0.22572633060042313,1.0,0.11298622443888928,-0.3510611945307889,-0.5943481501424062
1.0,0.5621690678659099,1.0,1.0,0.09714806991642999,0.6615158714588933,-3.1763197763847573
-0.7746676827754135,-0.5845762316050417,1.0,0.6732874443472456,-0.7379417791135003,-0.11469801431471449,-2.6015502335546277
-0.6702872065939787,-1.0,-0.39058499300341865,-1.0,0.22170106526529001,1.0,-1.5905789553986192
-1.0,-1.0,-0.5257599462056779,-1.0,0.23462589629278718,1.0,-3.565875971233604
1.0,1.0,1.0,0.041458358699159925,0.7034390873259821,0.3498480975107525,-5.214597216229575
-0.6907811759567226,-0.14757485339049442,-0.3595154971278114,0.8556328551976664,-0.8423936194047698,0.6159506797949962,-0.8302576326602122
1.0,0.22108245410221317,0.09888853389645386,1.0,-0.1567801876431011,-1.0,6.756160748897287
0.2478015442951239,-0.09032557152676612,0.6737456785585668,-0.17074942243352986,-0.3998143793024333,1.0,2.324435143020737
0.5631757749876942,0.5251747725439742,-0.556672787488981,0.0736846879587989,1.0,0.6058900010319715,0.3175734178121625
0.4851754636144564,0.6661809291578953,-0.18623404819591594,0.562578565278345,-1.0,-1.0,4.275929846714327
0.3216904727737672,-0.5440615853303239,0.8498988049849023,-0.15639555282905726,-0.6510039750884122,-0.08126564094312205,1.5020297895395343
-1.0,-1.0,0.6756979449125813,-0.09693372423512334,1.0,-0.4487645127617214,5.610651401717506
-1.0,-0.08902872097459102,-1.0,0.17312183031700834,1.0,1.0,8.975867498386862
0.5930832295767039,-0.6714924181415378,1.0,0.4217721895915324,0.3042317266451411,-0.5255167906391193,2.3103464063635064
0.25028403043475683,-1.0,0.09736141139948518,1.0,0.3450322529717539,-0.8678478611594798,0.1173726678172391
0.24599277860138047,1.0,1.0,1.0,0.7553349931567125,1.0,-6.600790482204037
1.0,1.0,-0.5864538832853434,0.5697264145649693,1.0,-0.057391060376756564,-0.6785992062482775
0.8614158876683019,1.0,0.1899362725406887,0.5595865839603179,1.0,0.7034211449579837,-0.832256995875325
-0.8115142335476705,0.5066831587337677,-1.0,-0.29257898061534454,0.6149114217087401,0.8243544673796068,6.0410617272875635
1.0,-0.5481641466117209,0.6654675806817099,-0.40417180760441096,1.0,0.37168396592417785,-4.7800773483028385
-0.9494426299950106,-0.359295472244608,-1.0,-0.03069622732353295,0.30512427543973253,-0.19214478581606464,-1.1420707300189643
0.376471924069933,1.0,0.7882702398988797,0.3163830896903297,-0.3938304884505833,-1.0,1.156429440420335
0.5818168320288954,-0.24117830202246965,1.0,-0.7482110124574726,-0.19721673057249456,0.5492117322163705,-1.559904609989946
0.6745652727195086,0.4248629828458461,1.0,-0.541295479009043,0.21677371775862908,-0.8990179394281073,0.5074700161446142
0.12866512447190648,-0.3907737034846775,-1.0,1.0,0.8051292919994952,0.32243634701168955,-1.400758793888651
1.0,1.0,1.0,0.43298176341310923,-0.8051119114143926,-0.4092189917641149,2.2744762248333648
-1.0,-1.0,-0.05209049861530124,-0.7898957364157103,-0.4893997091705655,-1.0,4.942332118481756
1.0,1.0,-0.2012029561140634,0.8127444005872624,-0.17249380102944167,0.6947177511575249,2.1227962392047
0.5109227403333441,0.9776835785554716,1.0,1.0,0.7917913098841309,1.0,-6.725902013492344
1.0,0.7294058778401564,-0.16301791511963407,0.27489707731809243,0.13200601224857517,0.6514789878625253,-0.03255961896573356
-0.9574449762088437,-1.0,1.0,0.5220998080518442,-1.0,-0.26284233953569014,0.1235431256361334
0.5958635822695251,1.0,1.0,1.0,0.581865940087094,1.0,-7.586194315528619
0.41759884146914406,-0.5142048350414352,-0.1279577103190872,-0.6996761094212842,-1.0,-1.0,5.48782086169451
0.6664591471916314,1.0,-0.28453491369860373,0.830673424333589,-1.0,-0.06568763835217761,5.168653416336364
0.6754911567304489,0.36667933686190857,1.0,0.7868911331449121,-0.2592842280149339,-1.0,3.61943770357457
1.0,0.4971618315587718,1.0,1.0,1.0,0.09759160719593862,-4.458182381983033
-0.12580801218374388,-1.0,-0.28840438371850863,-0.8695096680046137,-0.6466274494329225,0.602425764743301,1.226653348469939
1.0,0.0070658583472100744,0.8551756878110437,-1.0,-1.0,-0.7077565874935423,7.487882558950992
-0.01812916534303463,-0.60823862311206,0.2643465974876775,0.13721310489455874,-1.0,0.9595207138929546,3.2860740721237116
0.9569104256797369,1.0,0.44920294763294033,0.5816581098009047,0.9322143575743636,0.2913016707764769,-3.1500575917882063
-0.5974245594099253,0.29754024540765744,-1.0,0.9061997474444131,1.0,-0.41926475555881976,-1.124857829267743
0.9501319940988595,0.9952243501954282,0.9734540261720644,1.0,-0.9990607146522282,-0.9239393348111362,7.577100184336002
-0.7637054435907402,-0.2072055152173482,0.7981677678316713,1.0,1.0,0.5989887641920834,0.3883052752809284
0.7205644147316114,-0.09643410435541377,-0.6960588165265311,-0.05165276534135338,0.9221851204134406,0.07600662418757059,-2.2705658600919647
-0.8368793596627531,-1.0,-0.5786472139742067,-0.2993344569584374,-0.5308295820012942,-0.6970904571034556,0.1166720687950224
0.4685346855363876,0.8657826889048188,-0.6146933562890913,0.42693753460527933,-0.6645638835486459,-1.0,4.064260495846742
0.3019691142731586,0.7197335658049502,0.5610659483005406,0.19191106348255932,1.0,0.8371390297775072,1.6812138729753943
-0.37859455072527126,-1.0,-0.3118186878137328,0.46118832353371086,0.8178860206061731,0.7716140334514575,1.6631930384849576
-0.5260913825836993,-1.0,0.42382414686360564,0.45433758184969963,0.14450162909502812,-0.6761705767821375,3.2620539837114255
1.0,-0.015601835256585955,0.1690925553376883,-0.7111939649491295,-0.5595812668536406,-0.9144072628794727,6.257985362353772
0.5250379562954032,0.34002664128176396,-1.0,-0.7036627791154415,-1.0,-0.565525982000534,0.9547755733353168
0.07366507944897793,-0.7039314186016057,-0.33007142036825254,0.5723760933133029,-1.0,1.0,5.3958923672997
-0.6203692613738022,-0.3493651097517498,-0.006171804917065371,0.07142427695268214,-1.0,0.7498729400048906,-0.466765958528009
-0.7377631604134014,-0.10646020700892081,0.1364435884091577,-0.6201214286154293,0.7780688695240803,0.9910223644217485,3.0659924811784744
0.8983132031142391,-0.05717938765429195,0.9358083796656869,1.0,-1.0,-1.0,7.68665159769474
0.22761333613242124,-0.3638166832578047,-0.5900246133282862,-0.4510555397686048,-0.36109899920655397,-0.5943947616046563,-0.006536379853966712
1.0,0.5032432678049499,-0.14964538045444986,1.0,0.986552295892792,-1.0,-0.6141077091743805
0.510713053002165,-0.25739681248183066,0.29471128226528365,-0.3930232800480673,0.061559952085150305,0.9618788973685561,1.8510709235901945
-0.2475323047758147,-0.4265616196400137,1.0,0.7709663595351288,0.6951288729812182,0.13692165738306628,0.20888797936358006
0.21282866041474824,0.42006901834996596,0.641197654182155,1.0,-0.09813326894181351,0.2810948478335352,-1.6349281974790353
0.7799169474616605,1.0,1.0,1.0,0.9831345913295342,0.8934155387793126,-9.3458382663967
-0.38661710951336936,0.5046175904618075,1.0,-1.0,0.6516296329936886,-0.08791313386677024,-0.6637038081388471
-1.0,-0.22801570964563878,-0.03834823215549554,-1.0,-0.12625647639292403,0.6180657307426154,-1.13710431011651
-1.0,0.12365402701221849,-0.3519556613658462,-0.12553902142372983,-0.3266544038462675,-1.0,2.208016950761255
-1.0,-0.5040078012365226,-0.36036356237860256,-1.0,-0.23852125690799025,0.23686792850855218,-2.560261469288956
-0.11513540352814197,0.6302735165829533,1.0,0.5303585949712195,0.003130517077799072,-0.5261729801343038,0.10070679480041528
0.9181557909621214,1.0,-0.5166627147066555,1.0,-1.0,0.07737740810201377,8.297554673952598
-0.6520198161862034,1.0,0.3723191553574134,0.5212742885259247,0.9434373099256658,-0.8232728387709058,1.4758862731784212
-0.8845206111840639,-1.0,-1.0,-1.0,-0.9194287491768689,-1.0,4.996861166362983
0.12416284525335697,0.029058834331868386,-0.759374324834855,0.39082604079256644,1.0,1.0,6.6802579850349675
-0.024821823998436354,-1.0,0.1652391681453007,-0.34458624123561177,0.8662108796122145,-0.706221252104011,3.0804911061340903
-1.0,0.5398585520824086,0.27508046315393186,0.6573412631547002,-0.09441920198513154,0.016208891202346754,-0.4222506838214271
-0.31131851233826324,0.5164827583930449,-0.05900854834498365,-0.9792026382408058,1.0,-0.476998791002469,2.4016212377326407
0.18072114995599758,0.7577748014443934,0.48212990943065215,-0.8613492845820986,0.22518723550368785,-0.6392576394614109,-1.0726822966410818
-0.03162227695016662,-1.0,-0.16027268229390002,-0.05982074687968719,0.2623587682729526,-0.00587492423075886,0.10599999821151546
0.14231261079208185,-0.3604476661867736,0.2982029533305993,1.0,0.6868886813037148,0.04685361644390096,0.0035451063171545727
-0.2740086876913494,1.0,-0.5760003658104165,1.0,0.63810537821737,-0.33962106211077037,-0.6431857155052716
0.20582527012351534,0.5755138551154722,-1.0,0.011600368197370203,-0.978816584061823,0.44137183159082344,0.664378278253118
1.0,-0.6174866840280777,0.6368895214657051,1.0,-0.6577940321468724,-0.9882430660083448,9.129677497838847
0.3398117884540558,-0.20078582759717614,1.0,-0.15936712224331806,0.9329496554874565,-0.20389165095455875,-0.6108290500210498
1.0,1.0,0.6605922712326862,0.19883823004153722,0.17916988718820392,0.872418854791392,-1.3100276801816602
-0.9538062731668676,-0.47552021143450096,-0.2502385912605522,-1.0,-0.34383789174088786,-0.7869729211270776,1.5475707524067188
-0.12660611045962022,1.0,0.41403481019069077,0.1175834424793758,-0.014165738332287736,-1.0,0.8463951601461475
0.3900914151878531,-0.8307635447759658,-0.5561798454006083,0.17505838254336142,0.039823753565121967,0.22050581374706096,-0.6290005363907135
-0.0322118365104547,-0.5614692662385816,-0.46111081828440387,0.14941180890294803,0.4729576002096227,-0.41617725093162755,-0.6981035377869758
1.0,-0.4938634556868502,0.9086412258797423,1.0,0.267944564510193,1.0,-0.9880042200626494
-1.0,-0.42169049145648696,-1.0,-1.0,0.7416359648296377,-0.4159150611310931,-1.1697475444772003
-1.0,-1.0,0.8449327626669849,-0.9952899018401324,-1.0,-0.41857367790060906,5.432244593255922
-0.29402427391700825,-1.0,-1.0,-0.9411029173345759,-1.0,-0.6439787051046298,2.232334779065496
1.0,-1.0,1.0,-0.6901451384716533,0.9870869208059452,1.0,-8.30058712155137
1.0,0.5190027576296786,0.704562254968856,-1.0,0.2187042531609214,-0.1014009728800419,-1.5968358470033124
-0.7617269098774686,0.2243775941716063,-0.2776816703919852,0.8197554549888284,0.2658099864638174,0.24630418536880666,0.822074568016975
0.3550972679582721,0.12554255592401736,-0.8804015094273384,-0.6122080397449974,0.7286792285934467,0.20837427431784872,-1.1116063863649193
0.6469467559242412,0.04464062450695283,0.47450286428182437,0.8161283817107439,0.5610236088183076,0.15914779237235654,-2.2444501130319123
-1.0,0.1569482409070072,-1.0,0.6645251943429022,0.01046166705894891,-1.0,5.810558764657139
-0.1935575671188645,1.0,-0.22754132944373467,-0.05849598245012402,0.06761676250269288,1.0,4.9564027412957055
-0.714642332445732,-1.0,-0.6282903134087119,-0.47746886822745815,0.6215752319397733,0.4205273869814842,-1.2292734073574103
0.5898736171638282,-0.517072357870795,-0.8700603556148808,-0.7033584419403528,1.0,0.6015359940535708,-2.4135974055012914
0.4888062256662596,0.9371475340621703,0.3219340010212576,0.14164959176771874,0.11460031357592515,0.6250514166098666,0.5289118116378413
1.0,0.40692714685794135,-0.7359581780259006,-0.24862691171778092,-0.2634944053159636,0.4459710698299443,1.7517783084071352
-0.14564060232659876,0.1140903278430287,-0.18098649264227124,0.505720350246233,-0.32376878670786835,0.41357692121458306,-0.2926834382872479
-0.3308702102141099,-1.0,-0.8159329878150883,-0.2880044606834524,0.5510684077012568,-0.48773533012409387,-0.24684649920495927
0.8670021979188999,-0.5453064450854788,0.1285771995367782,-0.8888938227913503,1.0,1.0,-0.6649029772231483
1.0,0.683724706974806,0.5848077795667644,0.47494631443199453,-0.38702659381027604,-0.03524017098656007,1.216846288810374
-1.0,-0.1270278432591576,0.43938060415189034,-0.7150631993219587,-1.0,-0.8797805254190267,-0.7720601579704734
0.40675182872242943,-0.21441739414726518,-1.0,0.5358485755279814,-0.8010366951488832,-0.5539714861778331,0.28503561794405524
-0.1459776067522666,0.19892030084393536,0.36914897318298756,0.8554117623835891,-1.0,-0.580955626819742,1.2727742157335762
-0.5094137217963328,-1.0,-0.48306242818764955,-0.5909291245941914,-0.31006227681554077,0.6395550329042627,-2.41642284981848
0.598369296123626,0.013028639814380346,0.6598666665674671,-1.0,-0.7206526832436992,0.7790937122245233,2.0917314457259706
1.0,-0.5282235896017,1.0,1.0,1.0,-0.48682357038241425,-4.432975383054449
-0.43320116271404796,0.9172240852064599,0.6074780022678001,-1.0,0.8798987976671073,-0.48866994600564384,-1.108687540876974
-1.0,-0.33281360519486025,-0.16496943623934102,-0.5659134358960576,-0.9893655538027153,-1.0,-0.34981342145356603
-1.0,-1.0,-0.1573387049621605,-0.991530152730935,0.340122774735677,1.0,-2.727220010399373
0.7631316604601407,1.0,1.0,-0.3601288478638992,0.6420723281717435,0.2102302724721563,-3.0204632577291557
0.9156432311639991,-0.5163540752836628,-1.0,-0.5485709758662278,0.4325544252217922,0.25288609290195896,-2.2044807398289374
0.20357690479087914,0.6774958439392598,-1.0,0.3942514375345969,0.8081872661575005,1.0,8.274777480132515
0.05322110337150243,-0.14688043698503972,0.18277524629051667,0.7594513106336517,-0.3895564134412577,-0.04853138986462796,0.6679575534285445
0.06617066016813067,0.6996628144936579,0.8726540973886023,1.0,-0.5172294755421847,-1.0,1.9644946437793789
-1.0,-0.5745864904571274,-1.0,-1.0,0.7036636510583794,1.0,3.6934241777983243
-1.0,-0.07743575237645772,-0.1939069400897524,-0.27069427095528775,-0.14436849014209513,1.0,0.5402707131187577
-0.8818797368430171,0.7332116632935334,1.0,0.08777286502459988,-1.0,0.15943557808485875,-4.415974188306381
1.0,0.7194746963680383,1.0,0.37700148057816407,-0.7703312746194836,0.5502295725090408,1.9389733592943987
0.056426592489401406,-1.0,-0.5016775955419317,-0.03922667824964984,1.0,1.0,2.61166208601886
0.780999636596871,1.0,-0.8556541784685952,-0.025430100053230334,0.9956588864981344,0.6626939331212915,2.0797711175426032
0.9727266355152542,0.1578360475491205,0.8658428406080092,-0.20776539272096345,1.0,0.8445027197694672,-4.66198559542522
0.41550785474436186,-1.0,-0.649150039018187,0.9265569953405792,-0.523139543261882,-0.11344735890140975,0.2979369771292175
-0.8745151535391742,-1.0,-1.0,-0.1648832236797293,0.3248084288349815,0.35822090815893803,-3.1897333304234947
-0.5561928326048933,1.0,0.8360590154891803,0.9255849614437268,-0.9930046602255648,0.6146178330543617,-5.205097497429871
0.7521386915673391,0.8667339472659639,0.8343849468519269,1.0,0.015055615912267423,-0.32901382954651687,-0.9650554386773722
0.722439635490068,0.6555511697413403,1.0,-0.15222481967618134,0.18270404089482473,-0.6767636981545447,-0.23692476747665908
0.5167345546866133,1.0,0.36310690666608525,0.5283675977596138,0.9393817487809637,0.01885982427867372,-0.8731633797640476
1.0,0.33974522347317615,0.5422802934408758,0.7710139275339943,0.16869416837062412,0.7545651482585045,-0.8208001603359972
0.13608864366937606,-0.21313167981092823,1.0,0.13476296035223512,-0.07057754243109682,-0.12349455414184723,0.23527850253606955
0.0021827160869556383,-0.15382740561445252,0.3092949043617418,0.10537762631101695,0.6763801135484682,1.0,2.436773394256321
0.1433861853897016,0.1500877377926436,-0.2440176720124334,0.6589575758120724,0.9969465097078767,1.0,5.559669135342051
0.5979017999538789,1.0,0.8499155089998267,0.7708625467209305,0.3601622248724933,-1.0,0.0826032670103074
-0.5599500986527859,-0.9843374977843692,-1.0,-0.24457747808205288,0.1645950338456119,0.6280076075391792,-2.4241959128953527
-1.0,-0.20955453913116406,-0.12614568132804327,-1.0,1.0,0.6916183628045531,5.180993658089391
-0.7362792697819454,0.3505583146954492,-0.2209048273682638,0.5043351023972054,0.9268943149582523,1.0,6.779140020907705
-0.5276285677954893,-1.0,-0.2549094992278595,-0.255324275424365,-0.05431430655189107,0.26047007824397905,-0.7923097248331705
1.0,0.7492319907522924,0.2215709355464044,1.0,-0.31294032712525394,0.7336775402916089,2.9710580857490143
0.03082459299493201,1.0,1.0,0.9395156530581334,0.7413503399012963,0.08816559736562762,-5.830316736281606
0.16504147937480473,0.14555177789393348,1.0,0.5294597506000878,0.16714300590799452,0.5884680921010195,-0.9980006174779206
-0.36408384551886847,-0.37253532692611335,-0.21005256173212306,-0.30330180082622116,-0.3360717812087182,0.14051068366045555,-0.40377622149131287
-1.0,-1.0,-1.0,-1.0,-0.2132154380898167,-0.9680675231719962,1.6371847102874897
0.1911197829465432,0.41735456148192257,-0.46902817479669046,-0.6668119885985,-1.0,-0.9718618150511593,1.4161101785059398
1.0,1.0,0.5809549841521817,0.11025554294907502,-1.0,-0.2091579264051765,1.32619896157987
-0.3314162483277443,-0.16117951527804697,-0.965510768493252,-0.6859152679661744,-0.8903956872186537,-1.0,1.523298976520077
-1.0,-1.0,-1.0,-1.0,1.0,0.5373577555341269,-6.877896860892842
-1.0,-0.14660917354992686,-1.0,-0.5482820751344428,0.5002669135842942,-0.05907544040321988,-1.2901913761892976
0.32045787216502053,-0.33851372881504505,0.9670392944319126,1.0,-0.8507361953432256,-0.22950171203330927,0.37367685269536355
-1.0,-0.6946513306605963,-1.0,-0.36191006008729176,-0.6434858205251199,-0.09590671678374213,-4.181858785765058
1.0,0.6698251574402663,0.8595099999179678,0.3932877239366417,0.8471547781301456,0.9090127924311692,-4.408326197222757
-0.543448175291356,-0.36761706708545394,-1.0,-1.0,-0.11874269861243292,-1.0,4.048858856496153
-1.0,0.14148442872713368,1.0,0.027975687365084045,-0.719729720782099,1.0,-5.128741439974677
-1.0,-0.9600181936681513,0.5695506670586992,-0.8598749527092635,0.44012211036798077,0.9401149148348285,-1.5815923406227674
1.0,-0.8156997227495015,-1.0,0.2178605372543787,-1.0,-1.0,6.779558660939079
-0.2636850973275007,-1.0,0.30020411741858277,-1.0,0.4408552637746028,0.6849558309742642,-0.881585749451083
-0.6798125548741036,-0.3742245631047022,1.0,-0.1885237811977339,-0.01830916612900413,0.10090890230062693,-1.08778881163139
-0.73859113438647,-0.7993673076364193,0.8101841861385977,1.0,0.32797915449630777,1.0,0.23561619482305945
-0.008018245736356455,0.17340107656527493,-0.22574192953394784,1.0,1.0,0.7206441609149569,2.4011352453754173
1.0,1.0,1.0,0.2460116941740551,-1.0,-0.37507543001327415,2.142986903321119
1.0,0.3814010248133939,0.4502318671918903,-0.7777403874371952,-1.0,-0.01933806153053652,3.7965444347123642
-0.5339522948840901,-0.20476146406404938,-0.5074941080292517,-1.0,-0.5722350633313319,-0.4242594841182804,0.471877408829218
-1.0,-0.7302641196819029,-0.06490646585440243,0.7115814465935296,-1.0,-1.0,-0.6610760458697305
-0.5957871485819646,-1.0,-0.7850178971853556,-0.8952077953805646,0.15670295447886282,1.0,-0.38821568257425787
-1.0,0.3590754557958227,0.7239179109917685,0.5370659943624313,-0.019700079744200627,-1.0,3.6891119303178446
0.17367147188209375,-0.9986844872370251,-1.0,0.08052197504272843,-0.6265086726540838,-1.0,1.4849458924247754
-0.7183523226848505,-0.23701455853855158,-0.7915007274868242,0.5980704163155791,0.7795420405669611,0.8091307142755326,4.676357627550879
-1.0,-0.31647923103834197,-1.0,-1.0,-0.9274458905214127,-1.0,3.307690246525832
0.5291872065169586,-0.5619115178378953,0.48753874044278184,0.30473472658590434,-1.0,-0.43254711985216465,2.9684884118941266
0.920662154173603,0.6408142537628112,1.0,0.1533406455908899,0.09466633084818843,0.9776338677293448,-1.8978966129458232
0.9395407580080459,0.22779091941406732,0.6039031449054385,0.7494467376014187,-0.8708948278155995,-0.039855721673684896,2.90091826737188
0.5507960504976617,-0.7322828880412127,-0.5133614992224691,-0.34378898107641787,1.0,0.3861851801594156,-1.7701693588182368
1.0,-0.09302654293156971,-0.4376065237986809,0.9596715606965079,-0.31555410826442837,-0.6427129395483083,1.9652498630004693
-0.3396435152454855,-1.0,-0.9987382847920998,-0.1550187547789892,0.20627144300334854,1.0,2.5707035610166216
-0.18024906925825568,1.0,0.19886080368002412,1.0,-1.0,-0.6603562689606947,2.9215139485661696
0.058321536921945305,0.17826676999018967,0.9394311697144917,0.0612895059755626,0.054996320860285275,0.8171093044709368,-0.11890480185912222
0.3434262400858482,0.2060453867311109,-0.351054741199746,-1.0,-0.1570324117715538,0.0967537585479788,0.38202378292461225
-0.06907912438152075,-0.17750149143628347,-1.0,0.07622383152258788,0.20785844860168284,1.0,5.767732325816072
0.3084731188463301,0.21303060624272807,0.7855334892255506,1.0,-1.0,-0.7117416414766657,3.042949360590829
0.010646615840996382,1.0,-0.6120651193233667,0.7198901242997252,-0.27360299845367914,-0.015622896349319348,1.7870529582748704
0.9160995580425787,-0.04377706647411039,0.529526259772085,0.4304447453924068,-0.3394190724766688,-1.0,6.07557486130395
-0.16101400436046098,-0.7424009355486205,-0.34252033973213347,-1.0,-1.0,-1.0,5.546795376528334
1.0,0.28945893745637297,1.0,1.0,-1.0,0.8214393245587095,1.4964025304214439
0.2929028492457433,0.3954093502933911,1.0,-0.4541403419428801,0.2190326503366261,-0.28880097118107684,-0.11737978939010432
0.786364309087205,-0.531817649607784,1.0,1.0,-1.0,-0.26227269217616633,4.613655298500949
-1.0,-1.0,-0.19415130482649845,-1.0,-1.0,0.11041538871094009,2.2566662244247833
0.9359248634281371,1.0,0.008120370553507894,0.9417310900024324,-0.8580991935458697,-0.1319033258131581,5.312173895043827
-0.7776445032898571,-1.0,-1.0,-1.0,-0.3677302411371348,-0.19293636285610916,-3.962104117800021
-1.0,0.14442674507166153,0.6777966693745573,-0.5256863219592286,0.6183483417628517,-0.3851114041075361,1.0959349031302947
0.47038250312334773,0.008905912736071775,1.0,-0.024885269278826172,0.7541062226218459,-0.7817785734821077,-0.7125828809074142
-1.0,0.3108860783833868,-0.15512780805731152,-1.0,0.119364570045977,0.08580576537437046,0.7735756074841393
-0.6594338716269035,0.5312207780229273,-0.20645449280254874,0.1586129783833276,-0.007044884620383607,-1.0,2.9292345911747977
0.3512051745625681,-0.42797218477132737,-0.9431801171486717,0.3003751566408147,-0.3326202609022041,0.4049406178249215,0.7181298216414402
0.0950570871363614,0.13780400950825533,0.40404003759501017,0.23450398117662008,1.0,0.5478895328464649,0.652923204683566
0.851633566839489,0.1555276926141015,1.0,0.3933700465699488,-0.1556785827651217,-1.0,4.235152367350668
0.05907796671679333,-0.1689001777746194,0.44261017905165223,0.008915698169541741,1.0,0.5982360179352294,-0.17973828989623475
-0.14321257597494985,0.8474449985174333,0.8569123584955655,-1.0,1.0,0.23066592447812484,0.12506264464086744
0.6102757851224139,-0.020057443992986312,1.0,0.5264595389376601,0.28681863279896097,-0.22245912477465318,-0.02902004996781754
0.3960325889770422,0.8909535024709535,1.0,0.3995503886332315,-0.8286522743407623,-1.0,0.23266863214051592
0.14561527539042707,1.0,-1.0,0.8508413768379186,0.18910730999576053,1.0,7.696856966614133
-0.47092419090738324,0.8587193655222574,0.6923834588876505,0.5758599352427725,-0.44325909616050446,-1.0,1.1747110788516215
-0.9028621188116921,-1.0,-1.0,-0.545807950810334,-0.10983919596261871,0.788348758107063,-1.6025180374737409
-0.6531627212919214,1.0,0.656453616553673,0.2605424858881351,1.0,0.8870311272115099,1.1541585890050814
-0.4120272172885907,-0.8993018073344058,0.17224713693053162,-0.3723158314245648,0.1866554977230875,-1.0,5.658394088171013
-0.5182763697485521,-0.7217514101567166,-0.5532018613015068,-0.2801202852237941,-0.3676409835454113,-0.06717222114073595,-1.9283945711363282
-0.5477353263975715,-0.6857384633402485,0.3441928467076184,0.24074189886090536,0.5787006115653522,0.5032798166847257,1.14986830684165
1.0,-0.03392517664245376,0.22525548153505048,0.34900707117687313,0.33538473039486094,-0.36848781940367825,0.21463485472068006
0.20787971347862122,0.9643131802002263,0.7545878836079007,-0.48223511820914333,-0.6701472584821241,0.1590397685928049,-0.6610297754175737
0.496851290132978,0.19267423374980286,1.0,1.0,-0.5934668108887208,1.0,-2.446648495964604
0.6131269591778964,0.41700837196810375,-0.5261964905734002,-0.5476200080486375,-1.0,-1.0,2.5691844921477704
-0.13430063164211326,0.5586662462421226,0.4332026497084131,0.5597590287046221,0.0701268484530797,0.4856705056285868,-0.15628429839955815
1.0,-0.5507328111191196,1.0,0.9370883744449412,0.059399383269227335,-0.016968302725040463,0.6950387304298009
0.5276875943530321,1.0,0.16072986842218906,1.0,0.799745191585647,0.5532788000548504,-1.3868856652066266
1.0,-0.9941746094803807,0.9123352873617474,0.4424470254532169,-0.43312016603423564,-0.9147652962552834,8.243277863613445
1.0,0.5683271831996138,0.7730480789548545,-0.25381607813974116,1.0,0.6232788333298757,-2.9749904778514638
0.9328384513543909,0.22043807660755288,1.0,0.6766580101030781,1.0,0.6184357270243683,-5.765888893822934
0.3064736255788727,1.0,1.0,0.02794275717762762,0.180129254829684,0.10123252988878528,-3.1610779929671486
-1.0,-1.0,-1.0,-0.1554941459465744,-0.7949734367740721,0.4638266042660197,-4.7042643920817575
0.2348798049513381,1.0,-1.0,-0.5593740634875463,-0.8803663090571294,0.07429353561905727,2.887245035489479
-0.10153018850175466,-0.6726345746376761,-0.5170121084632873,-0.6666772199309845,-1.0,-1.0,3.592192297428369
1.0,-0.1986745637574041,0.8910939770748778,1.0,1.0,1.0,-4.153482731072043
0.0328473527495905,-0.2819001078414597,0.9803752232978926,0.4428275313410732,0.7496546944823383,1.0,-1.0325878724459856
1.0,-0.07315523115165362,1.0,0.8458614514578896,0.7489365646837682,1.0,-4.998641469299881
-1.0,-1.0,-1.0,-0.6603490441130423,-0.12011115367849867,-1.0,3.7177288910854256
0.017315595023021824,-0.2380003470351888,0.1850852175910156,1.0,-0.4227194956624827,-1.0,3.604371819976649
-0.08180337837408747,-0.37662049497728356,-0.2761569151784585,-0.3548703741336422,-0.8199092549270552,-1.0,1.074767552304759
-0.7764311879028296,-0.6180001672472364,-0.6469406205310837,-0.9414829256417414,0.3877380818891769,-1.0,5.064159965538317
1.0,0.39505099745421624,0.6139889977652231,0.35735043832766133,1.0,0.5199306067944197,-2.8765496784210427
1.0,1.0,0.2497290877843208,0.821235759804172,0.2529340787001866,-0.7677334922285916,1.7701714602238894
0.0017581196432576857,0.24796328413095048,-0.028655801636052303,-0.5511337693835783,-0.7651655892870576,-0.2636478173205191,0.27025990146484713
0.2771293348984954,0.3781461049438535,-0.0012219344895964546,-0.7630784513943423,0.2577669609975759,0.7702730431607874,1.9109950531855031
-0.11410239300642139,-0.26670730506358864,-1.0,0.25163882586071784,-0.37944079979936685,0.07627758216663483,-0.5601849498711529
-1.0,-1.0,-0.9047850754360014,-0.23076446806048068,-0.3680144445214635,-1.0,2.387114782959304
0.8466619445732819,0.5647603009547909,-0.27741574824399745,0.5038930891697042,-0.0025352768929718383,-0.23940847023235623,0.794599412735614
-0.14075624209743376,-0.25554371115798635,-1.0,-0.6410146348522534,1.0,0.5059677713865487,0.5102403944147459
0.8830567299333043,1.0,1.0,0.07982028582248346,-1.0,-0.03248179003319174,0.024253985209490958
-1.0,-0.9184313046118143,-0.6032654670063096,0.18312661640815805,0.8522771002221461,-0.5186196282732929,1.3871946122561516
-0.17250440069556314,-0.17886677755248998,-0.22629674939063293,-0.6930374429693352,0.7321374743282381,1.0,3.241799080841976
0.6800467749151708,0.36864482278704425,-0.4104442996031834,1.0,1.0,-0.45246884302706425,-1.0922762383454585
-1.0,-0.009121367792656099,0.9182739791632308,-0.924446534091214,-0.4654298687996068,-1.0,0.1937708582109959
-0.3027644001090041,-1.0,-0.7073815205466947,-1.0,-0.6216083993608919,-0.6031728257018518,0.5885851598969808
-1.0,-0.03135976618242514,-0.4502665953976207,0.7061087122588444,0.28165841008459663,0.08575205169522282,-0.17159396180602315
-0.08973993065780064,0.7933308444264097,0.0342905102882729,0.007952864546355243,-0.08548417840311129,-1.0,1.4343397429617448
0.27147050141568974,1.0,-0.021305347138504516,0.7218142692318198,1.0,0.09290192327446561,-0.012856230229806614
0.421881528490893,0.46061129146876123,1.0,0.47301488743232434,0.7470748943401186,-0.24164496479501307,-1.2675872626224653
-0.2466400813999625,-0.8451157271630856,-0.007586207639882381,-0.04753229302936846,0.31182808024035635,1.0,1.429360054734131
-0.8891862462661781,-0.4885874212281571,0.5408058497203265,-0.0474441367369407,-0.09346320112870266,0.011488571986179696,0.27199762963186974
-0.048379275756205736,0.9200191660359756,1.0,-0.1981317421065663,-0.010208374053155334,-0.0785593208736799,-2.0196512315691098
-0.7711298118415354,-0.9699343544688663,-0.9533772501749656,-1.0,-0.20665201807608116,-0.9351394159671127,2.4450377567809527
0.7759863044345643,-0.43221183206352504,0.5067600771991834,1.0,-1.0,-1.0,8.53554572138926
-0.6714296289017924,-0.45716042054646333,-0.407466299889499,-0.8290701131129086,-1.0,-0.7633225763238543,0.9533675140592733
0.4112883401641846,-0.4486517281081628,1.0,0.7712110501341309,-1.0,-0.12283122435812759,0.6448394265187304
0.055241039778660184,0.5842807721138237,0.37218632938212654,-0.4963801845518072,1.0,0.9451959868232388,3.123985218014355
-1.0,-0.24797849562749685,0.26656296115808664,-0.5380966839193271,-0.8452814856469695,-1.0,-0.20096251339779375
0.21007396582450572,0.9686272090323625,-1.0,-1.0,-0.8476734146663282,0.8565920083770263,11.023560940616917
-1.0,-0.3759575550561123,-0.8709825655399361,-1.0,-1.0,-0.6882044336116786,0.15962841793300842
-0.4059292598652253,-0.3415850949226893,1.0,0.8028873370871139,-1.0,-0.758189124148403,-2.0769381176467334
0.014383126651396738,1.0,1.0,1.0,1.0,0.25431382966768246,-7.440742106154797
-0.3742386037227753,-0.6925988999086208,-0.5292554562923579,-1.0,1.0,0.16145426368795324,0.3680942353522926
-0.3100432238595445,-0.6816696368040025,0.06855299679937643,-0.048915380073836445,-1.0,-0.7501915716973631,2.163284193582157
-0.9526458928591663,0.3783081169054323,-0.4353721839617819,-0.9898623937617129,0.7603399668937079,0.8314559391452762,4.621813817746443
-1.0,-0.10094092218829431,-0.5384720783668207,-1.0,-1.0,-1.0,0.3616807343740889
-0.5045087050870531,-0.6597670144161181,0.006534884936114427,-0.21616639281132755,-0.22837540460153694,-0.3733127827674787,1.1920223247952655
-1.0,0.1041591847293411,0.3100358839776074,-0.03301430759244517,0.1046270324224261,0.36387401736128505,-0.29136177376636774
0.9289240991539073,0.9765484264509291,-0.730353027024336,0.04088489885650659,0.5067156533195809,0.5654198085156761,1.7183410181066965
-0.2939472780060872,0.05736283589019192,-1.0,-1.0,-0.0828124568244587,-0.7903053589366773,-0.7443167947989237
1.0,0.9684134004167142,1.0,0.281503172065493,1.0,-0.23670947654986144,-3.851773488078959
-0.857307959675349,-1.0,-1.0,-1.0,-0.8504519420557857,0.5330702977512876,-3.0569436528016665
-0.770395500294896,1.0,0.829267621685826,0.853035769505287,0.6491935615559903,-1.0,-1.747027465628892
-0.2894747144041052,-0.6332517605024983,-0.40237543876856585,-0.38849945699766475,-1.0,-1.0,1.7247339101267367
-0.035532543893855906,-0.01736943458742643,1.0,0.6220058859252993,-0.5068787058782027,0.08045508975098581,-0.49033377071607886
0.0007580677235804849,1.0,0.4078596266047387,1.0,1.0,0.9406575563982287,1.5067430373748887
1.0,0.9719143145016486,-0.5159203867169133,0.22449253417666526,0.2550050154970023,-0.12426596568013759,0.9870264139519391
-1.0,-1.0,-0.21468916685381423,-0.0165100337409243,0.043253303950158424,-1.0,4.0324390389584375
-0.2625762732131271,-0.19135271507979792,-0.4405551576613526,1.0,-0.5625153728155097,0.6932877438005127,1.3781491233036205
-1.0,-1.0,-1.0,0.15212377796975746,1.0,0.5403347848764142,-2.908226675528985
-1.0,-1.0,-0.2726250321373711,-0.005921779229198565,0.9581268101205342,1.0,4.07168712572019
-0.07233849110809187,0.6148859544940268,0.1842093091510866,-0.5108839910526657,1.0,-0.01823500812055995,0.5681453457765688
-0.9044482258155981,1.0,0.47693807436304425,0.19330474974124567,1.0,0.1887521082834229,1.638515055156779
-1.0,-1.0,-0.8077677589523868,-1.0,1.0,0.3009811854794649,-5.280709125472013
-1.0,0.21073296588438714,-0.8725353170098926,-1.0,-0.8091866527574625,-1.0,1.4587774474529012
0.6103567814078168,1.0,1.0,1.0,0.22875721455184805,1.0,-6.501314345721768
-0.585718121080963,0.31573183187345355,-0.7363252272249559,-0.461241602610198,-0.07312186553431893,-0.7762006361283977,1.782546162259933
0.8450670964408458,-0.01625619671779105,-0.0333280909481205,0.5931386588821814,0.2786011181697216,-1.0,3.854320673355914
0.7627811096133584,0.07280019505042812,0.23057063675996614,-0.7094524171127929,-0.9769813398987919,-1.0,6.417984234048709
-0.7504083845778169,0.6094282952816735,-0.9928008614329953,-1.0,-1.0,-1.0,-0.4399188602315245
1.0,-0.5971052531543362,0.8094309649340752,0.17433252654781972,1.0,0.6134009705343986,-4.531865875086329
-0.11072820983177656,0.6545319978460151,1.0,0.5774162576789672,-1.0,-0.9794586257945403,0.006181723017680638
1.0,1.0,0.8259590951000015,0.20878988423194556,-0.2521621521983309,-0.25858034463992774,0.20648018989666928
0.6273513712061022,0.6118617161827116,0.9805704499617809,0.409341683254644,-1.0,-1.0,3.486449919078609
1.0,-0.22935850961379156,-0.24500087279930374,0.9743051546214979,-0.6254712815176677,0.8917874451792311,5.705086280582378
-0.13984792092311593,-0.3141088814767837,1.0,0.9686737164251668,0.31711316982950655,-1.0,0.6850993757842581
-0.8422274022006156,-0.9121781326078044,-1.0,-0.30245307945713595,-0.031663971494901855,-1.0,4.009165704556143
0.15176867659712784,-0.6760063225761543,1.0,-0.5046944517409961,-0.7075526145318862,-0.13623197110336538,1.8387030789133565
0.8712897850838861,1.0,1.0,0.7980905286388654,0.6008318906228591,-1.0,-3.0977599683602906
0.1531392446703681,0.6641557427747302,0.6729854448177928,0.4262892940959231,1.0,0.6251122242004814,-0.4595464567778884
0.08904518229997893,-0.867106238021099,0.16034774354508757,-1.0,-0.9934156256119727,1.0,8.436227686998159
-0.8315617304376338,-0.35722936631124336,-1.0,-1.0,-1.0,-0.9207904945153743,2.3390838582655675
1.0,0.09106799075412986,0.14501145764286938,1.0,1.0,0.2934862578624926,-2.117289531685378
0.1463013086745455,-1.0,-0.10017840880562767,-0.44075903809153794,-1.0,-0.2130961381998679,3.137742249415089
-0.5177114294881985,-1.0,-0.6239319203628251,0.21896905636579378,-0.5846930386433522,0.6878683442520445,-0.44689308204523576
-1.0,-0.030489052509272918,0.24103976214258782,-1.0,1.0,0.8066077464470025,4.675681178834478
-0.6667385289422527,-1.0,-0.8863727789333766,-1.0,-0.11854440404244326,0.282237021800819,-5.419798837192594
-1.0,-1.0,-0.4752340415079222,-0.9699108839858303,-0.5079646283303056,-1.0,3.8753317942695586
0.6397852202844231,0.4388200033659103,0.49421725157666757,-0.3539943067272958,-1.0,-0.14526391267798067,2.2507266643086012
-0.5180645716727308,-0.1904588997682204,-0.24300734426038623,0.13041190222550486,0.07874109419794889,-0.6422308869214989,1.2054110809274121
0.38047652351242656,1.0,0.8530309698415699,0.11633700136706548,-0.12305439752532932,0.7821051195830601,-2.620671840256618
-1.0,-1.0,1.0,-0.711707222527985,-0.7843577783562066,0.003257488258751162,2.5278569431118614
0.3822469368692015,0.8099354308149349,0.3084447980724013,-0.8525070392009391,1.0,0.1962440146725658,0.6992613249157824
-0.063458768492234,0.3061273220893227,-0.48521116532431496,0.2791955236094353,-0.5188167590597941,-0.959097091834396,1.3899079383131412
-1.0,-1.0,-0.5313133356215782,-1.0,-0.9889596446529174,-1.0,5.344327059705891
0.5308194139139077,1.0,1.0,1.0,0.13572676985318044,-0.8594669180516926,-1.0167793245723675
-1.0,-0.9074391906845389,-1.0,-1.0,0.5792676625041095,0.3476085286995154,-6.309199267538386
-1.0,-0.6985319281280467,-1.0,-1.0,-1.0,-1.0,3.4084932726033563
-0.06287495671099719,-0.09817470563205793,-1.0,1.0,1.0,0.6542649997239891,3.2485175750832918
1.0,1.0,0.12220933298002823,1.0,-0.14723147767943207,-0.8729461775003137,5.92697154632353
1.0,-0.05394606841943278,-1.0,-0.12023750439052983,0.6850852247132089,0.484734558438229,-1.981801875951146
0.043871162297886235,-1.0,-1.0,-0.9518717281139133,-1.0,-0.5769889524457127,3.7260445356091743
-1.0,-1.0,-1.0,-0.23956183248252416,-0.282623557905494,-0.33285393750110703,-4.123607341724155
-0.8892338591952154,0.2828820932291472,0.9659537944603271,0.5407575896756189,-1.0,-1.0,-1.4022194538825383
-0.14400046085802698,-0.31290768722354856,-1.0,-0.08463262110359387,1.0,-0.09501332349178113,-0.6227432509638758
-0.32963370328451,0.23521707688441817,-0.5899248516268478,-0.436725751355046,-0.6889897611719616,-1.0,1.045763456588824
-0.9653216387887364,-0.21797240358981657,-0.3881991615242568,-0.826222002616384,-1.0,-1.0,-0.006894913402492209
-1.0,0.005546499550266093,0.78858187373404,-0.6129307884418022,-0.703245030411181,-1.0,0.4530336200055816
-1.0,-0.9227971065528959,-1.0,-0.595657719220966,-1.0,-0.8222229555272751,0.5037975588061212
0.21693399483246034,-0.5514706678383451,0.3831459591683356,0.23202420256467926,0.44044550469787075,0.0954335940057851,-1.4980852781545868
-1.0,-0.3021806795646641,-0.6036502254517535,-1.0,-0.9449762205059601,-0.7464968984552629,1.0075478482531546
-1.0,-0.9849788137041497,-0.2074915810152711,-1.0,0.885992596943006,-0.47517679142237046,4.7286994237635875
-0.562376594699835,0.8920488980518013,1.0,-0.0802607690328424,-1.0,-0.8478945520127575,-4.46787304293492
0.23157666912767594,-0.9465621094601789,-0.8032356657627112,-0.09690654076293365,-1.0,-1.0,2.2534162151207644
-1.0,-0.2111364527328662,-0.4688849869144096,0.9071976741733172,0.10232640976081964,0.41229129640217166,0.3906382967196037
-1.0,-0.6625418745950503,0.563397967708005,-0.2641787842961325,-0.32013025282752094,-1.0,2.6286406311893162
1.0,1.0,1.0,0.10659235678822125,-0.7986162095746515,-0.42709702106673353,0.35127494350863997
-1.0,0.34481914478556636,0.021581610085032288,-0.015411296261210516,0.009596781452428038,-0.7835966130146946,1.9780766611591905
-1.0,-0.7105317163426215,0.51117190971033,-0.9380890180514685,1.0,0.2081078215638614,3.0328859415820384
0.5141141655960183,0.5835066138886363,0.19285662681287474,-0.20181832261730215,-0.3537393164171248,-0.8993899265456549,1.6008717255313587
4.0547026756598825e-05,1.0,-0.018379651270199915,0.5427092033838067,-1.0,-1.0,3.266339483230717
-1.0,-0.8212304082436126,-0.9111226613443015,-0.42211021406978166,-0.4760264193451098,-1.0,3.5142897421583603
-0.41641048980834494,-0.8869087451141666,-0.3351820061321462,-0.7174170076904428,-0.7051776694911878,-0.3999171728332802,1.3184631384444296
-1.0,-0.35115473411215054,1.0,0.24096871449209922,-0.7422639823247118,1.0,-5.0606787454149815
0.2506121471233431,0.7947864239997908,-0.8587677669918737,0.9673182001704769,0.38558078832819354,-0.004111032408288501,-1.447365503505023
0.9065939887758628,0.2778722141008017,0.17733340490136507,0.4669930804585863,0.6790923485623991,-0.6381304017163211,-0.729248137764418
1.0,-0.16028032372966822,-0.4122161724085961,-0.43425654694436533,-1.0,-0.23353388095685068,2.622574039294698
-0.17595974160972466,-1.0,-0.16676914016310457,-0.3232261841979319,-0.3900818286339262,-1.0,3.5984735218352415
-0.9809829407364687,-0.9002466142464125,-0.6389271658237974,-0.483206416235638,0.3375820502610023,0.5478323697133607,-1.210037834540084
-1.0,-1.0,-1.0,-1.0,-1.0,-0.008100134116632907,-1.808357609374217
-0.16436640142563486,-1.0,-1.0,0.3697473463931861,1.0,0.1863663451706007,-2.634892771092159
1.0,0.2131760480878564,-0.6434888814970239,0.6770392292091073,-0.3107573360705481,0.10448010756391085,1.7225009487299818
-0.7293959843614071,1.0,-0.9219740537414329,-0.6938991503479075,0.43310301383101746,0.5971077107781623,6.532037356125828
-0.8199074730419545,-0.3232766382552912,-1.0,-1.0,-1.0,-0.8830291624963168,0.3120470315824482
0.19599409258087697,0.9714279458821268,0.2809931939866923,0.5942569170110067,0.16407159264625637,1.0,1.2911595873585089
0.941043706753182,1.0,0.799140976288663,0.39160976789712953,-0.16587888666128367,0.4240320226779936,-1.0715129395445606
0.08383900321533505,0.6336087528198712,1.0,0.043908465360767666,-1.0,-0.8523104150174781,-0.04579008007010321
-1.0,-1.0,-1.0,-1.0,-0.9565507122808011,-0.3228216497681806,-2.2294071994123357
0.4196548765261514,1.0,0.4516430557819022,1.0,0.36997315937851205,-0.48580780573919136,-1.2486056804884713
-0.11427516528052806,-1.0,-0.03793065565151177,-0.2131177737015182,-0.9730783944492831,-0.9754908267549633,5.090987862137218
1.0,0.6235156338482086,0.813232067306973,1.0,0.9183124067895164,1.0,-4.1819612502085075
0.7487617081798739,1.0,-0.8404723359985076,0.7950855633217495,-0.553408453427886,-1.0,6.2388031095710765
0.33715514267491276,-0.33646866907776296,0.439450986309676,0.4097399596311605,-0.9789735727748325,-1.0,4.209172224507008
-0.347550739639679,0.47140817276278546,0.9597189339470542,0.8817069864922702,-0.3309695402876016,1.0,-2.0649931176856304
1.0,0.8227085438110413,1.0,0.36729312901278166,-0.48183044697974464,0.8699772045086247,-0.6748141266938759
-0.9304011834030564,-1.0,-1.0,-0.7400120248236153,0.1386905143205499,0.33840552994380324,-5.978601781228735
-0.556348034837201,-0.5363615376719009,1.0,1.0,-1.0,-1.0,-1.9031434693149198
-1.0,-0.7049906499158984,-1.0,-0.6203173011173952,-0.08448612897065073,0.3869170652832721,-3.1992156882857694
-1.0,0.4906898537323338,-0.1940259954739063,-1.0,-0.8421496739951081,0.2794763806463844,-0.4193972003192988
-0.673903737119853,0.8926846685435842,-0.9205245627549831,0.7902609145014781,0.7704229979250488,0.5672629587469528,3.1255045676937967
-0.3396773800545422,0.12798264199378973,-0.4302619240956979,1.0,-0.6662262166767217,-0.3039096870383835,0.22528115997264975
-0.21511272207955706,-1.0,0.6399122832884909,-1.0,-0.044404914908210635,-0.18622555140976857,1.985560077487186
-1.0,-0.09375067659738379,-0.7706711960164787,-0.40086637128711644,-1.0,-0.6153707347015154,-1.606083013529433
-0.722957255728438,0.928621926323178,-0.2266210894914868,0.4573534685846605,-1.0,-0.5691006488328465,-1.358434191838635
0.7433331168289572,1.0,-0.11500693970303749,0.5180291815588953,-0.025183270542358693,0.13096439415282735,0.1761830979906951
-0.5375180122779069,-1.0,-0.04515569875536585,0.7841642374275377,1.0,0.5764912377815208,1.0753046508495974
-1.0,-0.255940125706317,-1.0,-1.0,1.0,0.9601658038443487,6.896462619106042
0.7494596368264217,0.11103606275867173,0.19455344903610516,0.294277672413676,-0.556409735749777,0.5457155457934137,1.8894449030783866
-0.5644920339681749,-1.0,-1.0,-1.0,0.9539207767190314,-0.6354486793369376,-3.0760737351502283
1.0,0.5236717313904201,0.8125628925502032,1.0,-0.39554197769112076,-0.16827818070690137,1.4415028305325412
-0.22938246729111295,1.0,0.5789496741802849,1.0,0.14476454416501072,1.0,-3.3766421839509704
1.0,0.38302007437185315,1.0,0.6703494162426478,-1.0,-0.7836287164590817,6.989766288000321
-0.22973587029768816,-0.15784901949451147,1.0,0.24059007621982967,-0.9114630055946815,0.9738907767095335,-2.2833861097782546
0.21260284001359459,-1.0,0.5829991566160316,0.6940032392056378,0.21640918191813613,0.41636793352153634,1.4152585972034972
-1.0,-0.6763504657815802,-0.4508334440669892,-1.0,-0.6880268059979673,-0.73473222526898,2.410259056038373
0.020505280795152778,-0.14019645102399295,-0.7655534269414411,-0.793220555257002,-0.5125121539891212,-0.2680908976915073,-0.20029444183335
0.3356779612099924,-0.18560366598027633,-0.11735919119167745,0.39571561184831067,0.5381863733039733,0.8248084293106703,1.5067868222188385
0.490332773400192,-0.3855570788415741,0.39622376809694576,0.31778832472840013,0.485119389993473,-1.0,3.2891702737725255
-0.7763021205941231,-1.0,-1.0,-0.9859993112645483,0.43950445827178286,1.0,-1.6526219730522997
-1.0,-1.0,-0.7715650159030619,-1.0,0.9037246305183206,-0.6099213266726764,-1.1649436976800862
-0.6886025829505322,-0.8373756581661702,-0.5657840936856613,-0.10335346338445847,0.6539765028626707,1.0,3.782947674821424
-0.16717283314002507,-1.0,-1.0,-1.0,1.0,1.0,-1.163083534513643
-0.4876433780054823,-1.0,-1.0,-1.0,-1.0,-0.14201206982519987,-0.025341926909630226
1.0,0.9027681926164697,-0.16843057990648658,-0.20561527742952915,-1.0,-0.8532971751089544,4.256236815769597
0.5369492355907106,0.40010836844407405,-1.0,-0.0643673201359043,-0.18236764028737262,0.45714105783217884,2.007115011584137
1.0,-0.17452660887189297,-0.4303432925913281,-0.0874135603386762,-0.18992964231035447,-1.0,4.941370645023774
-1.0,-1.0,-0.3632304429363368,-0.6977406874144081,-0.5639409151445657,0.347415805967969,-3.1623348738680463
0.4257577895489797,1.0,1.0,1.0,-1.0,-0.7286661519366097,2.876453466927211
1.0,1.0,1.0,1.0,-0.8772974431501817,-1.0,7.666854788159953
0.9879489981426438,1.0,0.0035748347086451693,0.44513512335454974,-0.30171783677895214,0.3554710810807722,1.8980553039803065
0.12857205303394692,-0.40944273213112453,0.8456425964982441,1.0,-0.8419761244475705,0.1336257070483401,-0.48089330536814473
-0.05090733353376187,0.37169667786035376,-1.0,-0.8710058464919911,-0.5143309054344848,0.3349927030859116,-0.04946326174291049
1.0,0.9642495971493248,0.15963878463112713,1.0,0.9069013600017264,-1.0,0.8635161024546913
-0.8705681738465081,-1.0,-1.0,-0.7776921920459465,0.640610314744442,0.39840119670072505,-5.41975179247382
1.0,1.0,1.0,-0.3003894290918322,0.07618453486712834,0.08421733203496817,-1.8323084665925964
-0.06292250776039604,1.0,0.26223916120861146,1.0,0.5467145168652109,0.6923705747690916,-1.520136063907816
0.0019719794486404707,0.14643100504282106,-0.4532085815093061,-0.11328431591205446,-1.0,0.4249899629497856,1.0263755348465942
0.6322453244078658,1.0,0.77849322780167,-0.07771634643491981,0.33108751078971155,1.0,-0.976424351620974
0.003550543488294755,1.0,1.0,1.0,-1.0,-0.3858211025212668,-1.205028996610814
0.20767426387397814,-0.6120343043846785,-1.0,-0.7315004332665469,-0.40972314593000114,-0.06730531792272673,-0.47852096874699585
-0.05883860042044786,0.8028424029127701,1.0,0.40634808649679005,0.693049216867948,1.0,-1.5995919087966066
-0.2559070985140112,-0.3786509070654294,1.0,0.6577431625349668,-1.0,0.3301238229953277,-1.8366771565910605
0.8195410499526414,-0.4921484016138445,0.2057382699580078,-0.6534635728043678,-0.30469129009362506,-1.0,7.363988752713422
0.30316921323875085,-0.5530652601353152,-0.061146016102504586,-0.3846047126083624,-1.0,-1.0,4.246942400339672
0.151752346811187,1.0,1.0,1.0,1.0,-0.4962615280954019,-5.5016924684803605
0.9190768911052483,0.11473973523548131,1.0,1.0,1.0,0.003915783633465009,-5.060262750413826
-0.429328269480094,-1.0,0.36706910222542366,0.6567268250529908,1.0,0.11761636107813989,1.5001395107616695
0.21910470741339644,1.0,0.2215522443152742,0.9560191961188528,-0.8062459366634183,-1.0,5.474505361601129
0.9708749308094972,-0.35534246496932453,-0.036893295409559324,0.4112793472186706,0.5478581054784006,-0.17286109758330093,-1.579212355808163
-1.0,-0.4781446586678896,0.160130013871105,-1.0,-0.09446527579313058,-1.0,3.524036119649337
0.6522192647673102,0.19684924650715407,-0.8893231396337311,-1.0,-1.0,0.40092236092816386,4.446717318812833
-1.0,-0.30307486806182005,0.4178471790350782,-0.244678569369976,0.8889291582877396,-0.07736861146222118,1.426060948318514
-0.3488839650737221,-1.0,-1.0,0.10685109526564229,0.2698007407654659,-0.6141128413100237,-2.01174467200554
0.757633787365057,0.7929293161573512,0.13525661910344344,1.0,-0.3916931375619541,-0.08675126118163284,1.4950894712248022
1.0,0.6687514024300365,1.0,1.0,-1.0,-1.0,9.940688384935783
-0.511935201084839,0.3323548317742383,-0.24842291760147694,-0.30583981410664995,-0.20234380345674047,-1.0,1.8928701446785765
1.0,0.2434845775347183,1.0,0.08809973685605055,-1.0,0.57105960374844,2.930680571322309
-1.0,-0.6763915469437749,-1.0,-1.0,-1.0,-1.0,4.260170376913771
-0.056123016451729124,-0.1450085746282046,0.7286865539247084,0.0801630534131349,1.0,-0.584425213193335,0.7268219378327891
1.0,0.6355170015704534,1.0,-0.13739826097470206,-1.0,0.6125263806208852,2.4209912689805932
-0.051619175681245855,-1.0,-0.8554528446554417,-1.0,-1.0,0.9772574022869776,6.617831783826004
-0.21658238474422276,-0.25059300885380065,-0.031120545135208788,-1.0,-0.005968942662900323,0.42684289959411503,-0.15204459245275623
0.1254009304048208,-1.0,-0.1137650479985588,0.2086984495064885,0.694773624681959,-0.02276022470824346,-1.095032446798028
0.2608194525955109,-0.8285258293776294,-0.48732994019317766,1.0,-1.0,-0.00578305904748877,1.78103679391281
-0.324637436062477,-0.6163831048902025,0.319545101547244,0.11891619312468768,0.6600658402188857,0.8309819688742779,1.162400768647207
0.29190739100009955,-0.7250112954407597,-0.007593288211371119,-0.4678742230214743,0.788125407618879,-0.6282444035048369,1.6162530608866532
0.7048014745123294,0.2916108076545346,0.4146719410252866,0.20747221837998997,0.730209696884895,-0.3974669870689608,-1.143189727990595
-0.7576092000342693,-1.0,-0.5076569140879323,-1.0,-0.4192977191933085,-0.525548805697019,-0.06519767232600332
-0.362522484278634,0.4472442440980626,1.0,0.6692190852748624,-0.5069012145492172,0.5704457407791055,-2.3202855749945477
1.0,-0.23864936009475252,-0.737204212431985,1.0,-0.8942721775200329,-1.0,6.139131981651045
-0.661013733017307,-1.0,0.9253204405717147,-0.4384875442252847,-1.0,-0.740359788514645,4.190212615067182
0.0005403939627844079,0.7230630846841801,1.0,-0.4236728315641415,0.9689157430241991,-0.10967074344110128,-1.13343527579801
1.0,1.0,0.09541302584861411,1.0,-0.34998754609604266,-0.4660220178894924,4.127631234132871
-0.8964149997348727,-1.0,-0.5191306986825346,-1.0,0.7326232356199054,0.9120569617667615,-0.7308291507214573
0.2719419198417059,0.7092531524477617,0.9516710141495843,0.4564362204164627,-0.3038699796464431,1.0,-1.5684136704343195
0.8551674113249086,-0.1651085649098325,1.0,0.055473943197246856,0.9315835109891178,1.0,-6.34158987100532
-0.4308433717659007,-0.6169204311140787,-1.0,-0.8757974938173332,-1.0,-0.02881838883780863,-1.1839755060228556
-1.0,0.08818915385032466,-0.010478373234480975,-1.0,1.0,1.0,7.288617881786742
0.5411517863539064,-1.0,-0.9308311127803411,-0.77192739573215,-1.0,-1.0,8.122894016494602
-0.7087297707835731,-0.6255426371393196,-1.0,-0.6514253364859113,0.007324456527346812,1.0,3.9923337246607464
0.4788489030425384,1.0,-0.5501511144661203,1.0,0.87095068834862,-0.487180046386572,0.6305069997971424
0.23507797741076109,-0.0004481539200956175,-0.8538796867316345,0.386130308664443,-0.5091091895179254,-1.0,2.4010162354443993
-0.15642969371439142,1.0,-0.5039125646151938,0.389758504898327,-1.0,-1.0,1.7721182509949327
-1.0,-0.8287420707368376,-1.0,-1.0,0.33065621729076367,1.0,-0.1808697636214708
0.5822227536891089,0.19331705034449786,1.0,0.9394428311902526,0.5967532043152932,-0.7935255524696361,-1.3312069084712526
-0.2584625033015677,-0.2744739607077241,-0.852637364653851,0.4359986691704672,-1.0,0.3293712757698067,-0.7412584150591811
1.0,1.0,0.5143184967255601,1.0,1.0,1.0,-4.338400211728334
-1.0,-0.6342232303282218,-1.0,-0.6580720034669432,0.36932646404480596,1.0,5.048589214496804
-0.047497954277805565,1.0,0.40009555448159706,1.0,-0.4140999151832072,-0.006632990232093905,0.3212575337104858
-0.03713148372546682,0.024884097718797737,-0.14912080880111334,-0.9969374675981106,1.0,0.5329103980209544,3.6457836010710114
0.3059081927288583,0.003605108502886978,-0.4392307754578801,0.6382338863051468,0.2582114427271709,-0.668466497672265,-0.0905727087977437
0.27219089248103434,0.841703126641025,-0.607150129909269,0.5507580343800987,-0.2767589946601354,0.17031434206226004,0.8528764784153006
-1.0,-0.5662258559934714,-1.0,-1.0,0.2656278452781107,-0.6871517866290081,0.03408324902768334
0.2637472176379966,-0.4801795528876155,-0.2806400135928603,0.38214949079924654,-1.0,-1.0,3.163404391426747
-1.0,-0.37463311275334876,-0.8432213955824926,0.7878002920347048,-0.8068954692253137,-0.22415763712290127,-3.932055599133588
-1.0,0.07832806398508452,0.6316810721145254,-0.03748381922764392,1.0,1.0,2.3583351780215422
-1.0,-1.0,0.7898371386796271,-1.0,-0.4070229248361451,0.5309396747052841,-2.8085121223402414
0.8432357401780868,0.8651996962375272,1.0,1.0,-1.0,-1.0,7.161406382877265
0.9650792945970516,0.7938923124830671,0.06872924930190233,-0.14862184490782943,-0.7192987705825891,0.3856404124713325,2.635904869444822
0.9148489117430149,0.039736889472161474,0.4946737609633516,0.5752153963681863,0.33295656902456733,0.06924278648000715,-1.570319128562733
-0.43947534736681426,-1.0,0.40482763528716575,-1.0,-1.0,-1.0,8.864035744984369
-1.0,0.43943264787639724,-1.0,0.309664222577545,0.2348568915807666,0.3567353123970238,0.994598410422415
0.8586020830461386,0.6306496521661004,-0.2762797960540686,-0.08358477630601469,-1.0,-0.8841499318250186,4.760038054325732
1.0,0.7126424883609244,-0.1716987242907213,0.1552863404751903,0.09762261943187928,1.0,3.8116557096377033
0.9087165760635756,0.5133682361824623,1.0,0.2778127481779912,-0.7097645809143747,-0.09316418525531289,2.5596549314708454
-0.49039934030355514,-0.8325314252235947,-0.013082773253241507,1.0,-0.8581788590238724,-0.4219957246703946,1.0703632427346053
0.7052312687237994,-0.7024780717453241,0.7138375368785136,-1.0,-1.0,-0.5696905217216293,8.700111961976102
-0.896649439774057,0.3591386644160213,0.4827580354192193,-0.30629724729536567,-0.2143113680908274,-0.08909001815938256,-1.718148701521005
0.9850543204643804,1.0,1.0,-0.1895221038729672,0.4327542832468072,0.15927558030982186,-3.2414691056720537
-1.0,-0.7681666709312659,0.4218409886451685,-0.4576570706964356,0.3813225958266733,-0.08252806437141147,1.9238224979379412
0.9789115827889683,1.0,0.31176199740442256,0.7516939172254844,0.8307571424891141,-0.8804910345634019,0.9313533689488125
-0.7263643515802212,-0.5257009674268536,0.7074807240363915,1.0,-1.0,-0.9386935081921499,-0.2624362188923872
0.28494600741580217,1.0,0.021917778817925393,1.0,-0.6576153513933016,-1.0,6.413165735481605
-1.0,-1.0,-0.7807529694052943,1.0,-1.0,-1.0,-3.516622050104563
0.6599873250812816,-0.1389768524465012,0.44325128476921083,-0.2526230977955104,0.2846611810675425,-0.441651684402536,0.29930266302220865
-0.48574304601110113,1.0,-1.0,-0.36081179230016713,1.0,0.5075411758299118,8.632270183151881
-1.0,-1.0,-1.0,-1.0,-1.0,-0.8653435012155114,3.6995633420572145
0.9482750237844922,1.0,0.558827576738848,0.9682728407182307,-0.46704865171001386,-1.0,8.409078027719309
-1.0,0.6275085219417116,-1.0,0.5296201506572582,1.0,1.0,11.698596164544862
0.3270030352220565,0.8979251832670971,-0.2769681316673036,0.0070610624969899005,1.0,1.0,6.192500332216075
0.3905684460650848,0.7217547997090216,-1.0,-1.0,0.36888459473584834,-0.03995472162357225,-1.8253408584659176
-1.0,0.9207111037243554,-0.12234767949280578,0.2457036233853694,0.08471436959775153,0.35390758002784495,0.8293570404481563
-0.0006234404020001305,-0.46467143113103304,0.3187438822105365,0.9982799102224912,-0.007950479372713426,-1.0,2.5517704300238293
-0.26158034944473363,-0.5518028036537554,-0.9756140617355709,-0.7928614512725101,0.09992019786640127,0.6740965815485436,0.9440732380488126
-1.0,-1.0,-0.17581745137051918,-0.3277002409023904,-0.6496658499166013,-0.5209725101372137,0.34131728698574343
0.80050523964094,0.21762498802401387,0.5373779333991597,0.3085620116164674,-0.3550570497613531,-1.0,6.210111554568601
-0.4492157063140718,0.47708507768801073,0.6164999863000482,0.26313262334599213,0.8025547016122727,0.9338213724091601,2.2466978643828504
1.0,1.0,1.0,0.5310848174051654,-0.6879473756280219,-0.46527903343781674,2.37655205306542
1.0,1.0,1.0,0.9046882064157331,0.5649518327901224,1.0,-8.651433085163209
-0.06876693477341977,-0.5272050177953291,-1.0,-1.0,-0.49179411691686425,-0.8822641641947464,2.5425367476102325
-1.0,-1.0,-0.2965201870227058,-0.18602910200387823,0.5497668052270852,0.07947323624905138,-0.09049440134636805
0.7762256806908574,0.34573147116966463,0.34351922538328683,0.6638109367740275,-0.8563823646040776,0.4866537829243436,2.375506358551402
1.0,-0.4059304454190271,0.04856460956181108,-0.7392208985317736,0.01827946556041235,-1.0,5.8235988032973305
-1.0,-0.6887536081391119,0.6406310973215072,0.28284119473034464,-1.0,-1.0,0.5672981539557357
-1.0,-0.627961344282688,-0.06893254314931119,-1.0,0.8602922910677696,0.13159338289506126,2.606183105730323
0.931990516474597,0.8786733242727347,1.0,1.0,-0.13933308577122233,-0.5336153659165568,1.8896111477473156
-0.3929312141890656,-1.0,0.5181824096741198,-1.0,1.0,0.501810726357466,0.6382329318234368
-0.8989981485668194,-1.0,0.02394263188830953,0.5580883822571059,1.0,1.0,4.4259008944668405
-0.5687935138141811,0.13399706626966656,-0.16295021649665709,1.0,-0.840297225759062,1.0,1.3068652647141834
1.0,0.5297034910348206,1.0,0.21484528958598353,-0.3750112240357111,0.05857909516182652,2.090814080803391
-0.03942912558424028,-1.0,-0.5701899376968629,-1.0,0.1688032027036902,-0.9581176562771643,3.49276579749409
1.0,-1.0,0.5127788093789079,-0.8153085766222219,-0.21430677740313764,-0.5007573515705563,7.4305895531425525
-0.14397733475408314,-0.7797041637694122,-1.0,-1.0,0.6271114032216194,-0.6924135417651864,-0.3760511345508118
0.15775253667648298,1.0,-0.29588055438490185,1.0,0.22693717342789044,0.9937647159062446,3.0234167437000425
-0.7992489359262802,-0.40156899287169634,0.3002768803006731,-0.9136746033160263,0.2168999042484352,-1.0,5.031083323135992
0.18624074185714357,0.17745479171432915,0.309343569602173,-0.3798479197449518,-0.1435579143881857,0.2602643558084565,0.45584160974753873
-1.0,-0.630398001918774,-1.0,-0.061892558956841315,-0.9248098675774915,0.08694103231965283,-3.6000218886034516
-0.8124463542789291,-0.9922053870147542,-0.7477800871205298,0.004351114543268697,0.16914277172887865,0.3739902239278866,-1.459859535200287
0.47813403810374105,0.7500367931638625,0.10363987114314244,0.2993402596005107,0.5513376903229393,-0.9039706755923068,0.6122966935803316
-0.8489472049907932,-0.733399677422718,-1.0,-0.3538839337239734,0.24538894061340377,0.09170041258491479,-2.865790016948441
-0.4171998117981959,-0.6506479113535957,0.17580389769406846,-0.018003574478021367,1.0,1.0,3.2453512656549823
0.841640460956446,0.7164558939259594,0.7011658159325719,-0.9104887693095851,-0.7267787288191867,-1.0,4.353581210297698
-1.0,-1.0,0.18211297166542978,-0.9097357927958204,-1.0,0.409322453621793,0.9206215353157314
-1.0,-0.3595543836074734,0.3257997074026236,0.1401576014204141,-0.9921552890159855,-1.0,-1.6181891453938846
-1.0,-1.0,-1.0,-0.24907915038082917,-0.13641005507074488,1.0,1.1062320590730859
1.0,0.7444572812686405,0.7644853428023521,0.2538545832193224,0.7075244650364418,0.9967580642995959,-1.658187861580839
0.5779082826717574,0.054717500620401704,0.7895916377366803,1.0,0.10570387767483763,-1.0,1.8705216683545367
-0.38582789107141424,0.6574278746131792,0.0015635628278111158,-0.051102072364616835,0.7561202119497288,0.27931582446463493,1.9657185291937722
0.44169882068223687,-0.09416681006633482,-0.2294517827902104,-1.0,0.7917779276784664,0.7775740018104647,1.109741315147714
0.15711913678532674,1.0,0.6920226464211399,0.29398022308760074,1.0,1.0,1.1823460635273682
1.0,0.8059062605001637,0.02033838978099367,-0.002275640659304967,0.5139721677378605,0.6738070109525085,0.499527119086259
1.0,-0.049473246870751386,-0.5071672684357669,-1.0,1.0,0.17562465537093924,-1.4796899076063184
-1.0,-1.0,-0.4989338362993654,-0.07295117877723678,-0.8126196861368216,-1.0,0.23298750888895164
-1.0,-0.7313114299637555,-1.0,-0.4676314314334894,-1.0,-1.0,1.229736656045242
0.9416851272710272,-0.05572789482014384,1.0,0.4173648856407326,0.6390537001613434,0.035519666322079924,-1.424302846816067
-0.48496116724015276,0.7156781482108497,-1.0,-0.3252331540832145,0.27003781558352213,-0.2698877230838958,1.510748011841298
-1.0,-0.0017125124708736728,-0.577954956693971,-0.5272819269290179,-1.0,-1.0,-0.5984882487269142
-1.0,-0.12281252422055933,-1.0,-0.1549235306349428,1.0,-0.2972140159271842,-1.3309748649994644
-1.0,-0.7482720285062937,0.9544950760743967,-0.4525755267920572,-1.0,-1.0,1.4275183982322386
-0.5224989294286885,0.11853846342256735,-0.4693965889795096,-1.0,0.378425873698244,0.33251404151861275,0.3911431655682479
-0.41456964395977147,0.1694302617044967,0.10638994330144658,0.3231187162008171,0.7041857089132979,0.7503376263279391,2.7040160515246328
-1.0,-0.9762046084359242,-0.16045995511560496,-1.0,0.217827471314339,0.6020526320227644,-2.682370904903492
-1.0,-0.18677915444104531,-1.0,-0.5058615907580295,-1.0,-1.0,1.4966026059581148
-0.8309422054614186,-1.0,-1.0,0.9721580473411616,-0.453251819799389,-0.7812591979298649,-4.091854218293394
0.04070511381477615,1.0,1.0,0.32955455444906434,1.0,-0.8299145365071332,-2.9283035428165034
-1.0,-0.6561824436241049,-1.0,1.0,-1.0,-0.04274236020999944,-5.206586680088721
0.19867510730353477,0.9256858030884602,1.0,0.7363698679339057,1.0,1.0,-3.9244225640514045
0.18377573398573466,-1.0,-0.5694336173131384,-0.39245414329887596,-0.903358121205039,-0.9165868772755577,2.2882302938872545
1.0,1.0,1.0,0.44140480353041067,-0.9047408156184831,0.3877558933689267,0.5017667600092636
1.0,-0.04196506807164535,-0.027680778658002336,0.06605163941132874,0.07945310778532744,-0.7251258472852812,2.226942241099532
-1.0,0.5402934947537111,0.498993892092992,0.9858044320678043,-0.40250111771929353,0.024002767092587862,-2.1009067635826444
0.5179357036399505,-0.6132117792524723,-0.31267022748844925,-0.008958554932857687,0.6477283155233198,0.050754126074557426,-0.8494676318478966
-0.04992036117818599,0.9882120087032242,-0.324046459405639,0.2519585954312248,-1.0,-0.5345343721830328,0.3846932266959281
-0.6197752644714949,-1.0,-0.5124981968349934,-0.8665034934585227,-1.0,-1.0,4.639300995463082
0.13081381292454358,0.06948113681744195,0.5935713715980283,-0.7955676541884119,1.0,0.04896842991772171,0.02008424522814023
-0.2901341233832295,-1.0,-1.0,-0.8168274297591966,-0.13100184217778033,-0.5039527071221299,-2.0451477329404617
0.5269566711277762,0.9690490366251068,1.0,1.0,1.0,-0.22669392783101716,-6.427453888995431
-0.9443612163462287,-0.9508259097801502,-1.0,-1.0,-0.6552233536744998,-1.0,3.0694553394011495
0.3522467229330485,0.7128312733873494,1.0,-0.652698434609129,0.09208895145870155,1.0,-1.4696218611430087
-1.0,-0.5490785171869426,-1.0,-1.0,-0.8697741711473979,-1.0,3.4713018852847917
-0.6255562686511047,1.0,-0.5294918507118151,0.4482240053550264,1.0,1.0,8.989488629843741
-0.06040973879579736,-1.0,-0.925893837464381,-0.029586720489883866,0.16119338049170664,0.3000656290260374,-2.313743580887157
0.057432538365213004,0.8080497000315146,1.0,0.28402613232768914,-1.0,-0.046894961742981356,-1.1179551862360768
-0.23186420525908413,0.23081732080893436,-0.4279489352495174,-0.9899192781050612,-0.5346777538421443,-0.4067450540768679,0.4773373723709045
0.7539789796982924,1.0,-0.6928768341916092,1.0,1.0,0.9065332269537334,1.18255619807754
0.1925493752098053,-0.9413365000203184,1.0,-0.7995565624203592,-0.27859462060711326,-0.021832995510642772,2.1691064076693927
-0.13067267278996816,0.7862819337156692,0.9848337222149322,0.26396113439763325,-0.3784917460733672,1.0,-2.763470132979008
-1.0,-0.4927715850821377,0.6312056337343648,0.4538223657291924,1.0,0.9249226651413238,1.022581916403964
-1.0,0.10357649670381078,-0.3949514608862399,-1.0,1.0,1.0,8.190928191491539
-1.0,-1.0,-0.24999879098841793,0.34251728499253176,-0.1703580346688076,0.2826463523393127,-1.4617232237305613
1.0,-0.48551767901856885,0.226123549230199,0.8871796121917614,-1.0,-0.4765340567879556,5.8874833550064585
-0.46610006239437174,0.4051635481104594,0.47496661077409275,0.26060140732462683,0.3108409302094644,0.2816863535225915,0.2601115724696362
1.0,1.0,1.0,1.0,0.14426791469800093,1.0,-5.811167601050851
-0.5233315032163668,-0.45379557461638986,1.0,-0.5212865027321277,-0.4101700755829579,1.0,-3.7476338606288535
-0.7754222793655927,-1.0,-1.0,-0.2569920214793233,-0.5360456983541828,-1.0,1.9626213571214435
0.36876659976401505,0.966536042416455,-0.01939302307109647,-0.24144677181785856,0.38849818415588866,1.0,5.0941515025672
-0.1701011925034635,-0.7428798767194829,0.7280673106460316,-0.7952905354339536,0.008570724750361136,1.0,-1.0127247414984113
-0.544876009191949,-1.0,-1.0,-0.6488785750806427,1.0,0.43050966990968353,-3.8241110307262747
-1.0,0.39154745772229893,-0.44463273585105845,-0.29618428124234575,-1.0,-0.2725480028565205,-3.153932173930025
-0.14094667068172262,-0.8018611600133744,-1.0,-0.5764308343296042,-0.23197985193589743,0.9002609103627941,2.8285036938839796
-0.28886478741519117,0.04259980835270394,1.0,0.30731959433193756,-0.896208664794292,-0.5351485988542044,-0.6683227136958786
1.0,0.226565089011612,0.6985415170399252,1.0,0.3531175808604625,0.800363395716176,-1.4883920163066446
0.5648793336244833,0.3354980049221863,-0.4874269974919222,0.3137403213284753,-0.8842943312478108,0.36845844518584064,2.2271172582677643
0.6486656616689027,-0.008521684132528101,-0.6436823786490264,-0.7862462511172905,-1.0,-0.039857772006086534,3.30569316909752
0.6429520178625556,-0.10294899066826257,0.28244808141703737,-0.44157470748166716,0.18771673226451668,1.0,2.0134449029299852
-0.08948633796117278,-1.0,-0.6070838574075543,-0.24601438816827886,0.5492258630981641,0.09055079368140406,-1.637664394226864
0.8299438397279919,1.0,0.8316780029069633,0.23352894265963253,-0.9703545442769719,0.5309175675932076,-0.16146254571363816
0.7921292367544489,0.1080496994100476,-0.1771719373664234,0.5716587164761252,-0.680519436056548,0.330057391244434,2.3119855602206902
0.1834148627101776,-0.3101211847485025,1.0,-0.9353491940084183,-0.44652271786212805,0.7235259886336562,-2.619917930419451
-0.25532023702974194,-0.20886062545633144,-1.0,0.5030909756216735,0.8358083911418532,1.0,8.373766131565947
1.0,1.0,0.16423877869479397,1.0,-0.05696585910945606,1.0,3.144574914488676
-0.41979142587199325,-0.2672059750647966,-0.9054021520145168,-0.1976883935654129,-0.6777229200853736,-1.0,2.398491038229399
-1.0,-0.7881035550539113,-0.2040017375742854,-0.16860153376112552,0.43390129167191577,0.1968725772399833,1.0117098784702419
-0.1727492552930222,0.021242371296150586,-0.245547647626089,0.5968423062991263,-0.31100724107405864,0.6818235417852363,1.9369858972256222
-0.6095908366460955,-0.27146257877731905,0.45655793700400016,-0.0723083795650234,0.7721451121332862,-0.1709597581325264,1.0774536870984774
1.0,-0.42977974087792226,-0.23007859943779285,0.8811643296319335,1.0,0.12337291440024545,-3.0816033264787284
0.10974400859005373,-0.9392270769254341,-0.8814580048807068,-0.9028371078501365,0.11232403721997525,-0.5903160040719359,0.824747102312166
0.2022761949437062,0.6312701811293719,0.6532411600356958,0.34561849598044736,1.0,0.3332017521800873,-1.2106807968095403
-0.5146276179259741,-0.3556032331503429,0.7485043947443866,-0.852932536955747,0.9929196907336457,1.0,0.31622613717805304
-0.674308479532242,-0.49216698899576605,-0.4509703716413198,-0.16903192849898718,-0.025457656912059257,-0.903588104590568,2.220122058962673
0.4567588295145063,0.07986072384486798,-0.6843635695523599,0.8067501611288573,0.33931448808788794,0.06197155055097392,-0.3889797253076495
-0.11486482754202693,0.7688816731952282,0.39730763991102525,-1.0,-1.0,0.9585046212217319,7.266498976724022
-1.0,-0.08675584952865883,0.7037809714262361,-0.3771824591208267,1.0,0.7857553284272601,0.8949670176311898
-0.3553604123714291,-1.0,-1.0,-0.7115870759502555,0.8557898170821997,0.16155753804045236,-4.590165116928888
0.8621850920555293,-0.2513781490989515,-0.3303620851197952,-0.5462991263443404,0.2489434600303857,0.11089012801199405,-1.1053001671152785
1.0,1.0,1.0,0.08066397402742997,0.5513599110477532,0.7186766497298317,-5.774207717698784
-1.0,-0.12293561388387364,-0.6191088504582319,0.9921942655581489,-0.15826834196076017,-0.044707426042443155,-1.0225125388007634
-0.7859218199279336,-0.7996128194392123,-1.0,-1.0,1.0,0.6249400806719763,-1.7880975060367836
-0.9283407236503662,-0.49937019601418275,-1.0,-0.2306745983810592,1.0,0.8009637488060268,2.688416727543443
-0.9891811982774884,-1.0,-1.0,-0.9477550196575103,-1.0,0.9402886624190246,1.0914767870394666
0.0117508954861833,-0.23297519520788046,0.12486509048411576,-0.08044270930755104,-1.0,-0.3413162954817687,0.3479833188761573
-0.6716252464531511,-1.0,-0.6401048282855841,-0.5274216430203448,-0.9110596903807173,-0.30422325405562706,-1.3850503632181654
-0.5506936046905135,-0.33097825422665395,-0.1994583877247399,0.3866276847559438,0.47844019670542637,1.0,3.614489783711336
1.0,0.7207187506544398,-1.0,0.7817265956016005,-0.6742768975077809,-0.2590041837039284,3.082240952991337
0.021893424796585403,1.0,1.0,0.048353371910024756,1.0,0.6147247322336487,-1.2936616060717918
0.6880358396399102,-0.02964318939002908,-0.27302638424057907,-0.16572485342479593,-0.5078732441888913,-0.5064697916280504,2.624140362385494
0.655703013309435,0.5721753737845958,0.3496532668202846,1.0,0.08869245343960142,-0.1579278083920308,0.29590647995718833
-0.30988349237841295,0.22399274640458391,-1.0,-0.7805287585553005,1.0,0.7293652761653222,4.684272568603211
0.3592594966286533,0.611497121864696,-0.7623703237638537,-0.43128458857037205,1.0,1.0,5.880268215884653
1.0,0.6332462314693843,0.5764372100968421,1.0,-1.0,0.15443450535720618,3.45945843526607
-0.6504946669686511,0.2718645235896396,-0.27807946337359024,0.8010796303623289,-1.0,0.1510007357122084,-2.180047911395643
-0.10162338808875182,1.0,0.550464942707192,0.06557063493609538,1.0,0.6078706472888548,1.6556052060717006
0.23625153156246637,0.05748984384417935,1.0,-0.6559241769425675,0.34376411772075044,1.0,-2.6673704791495214
1.0,1.0,1.0,1.0,-1.0,0.39894286061450235,2.4869633179959707
-0.6516856697881022,0.2437893129311273,-0.9767855083621988,-1.0,1.0,1.0,11.220231678534885
-1.0,-1.0,-0.372327815946382,-1.0,0.013943040754342495,0.6850204412098535,-4.326769641203807
1.0,0.43600927099967457,1.0,1.0,0.638354687338424,0.8567664108474143,-6.106209837750419
0.5604123488354085,-0.46135587114518495,-1.0,0.8207013120101059,0.9089907204302191,-1.0,-2.4002900435695547
-0.12838497377047853,-0.4099628169267506,0.38931450047669225,-0.1697780366660327,0.09448150360406493,-0.04306702580639138,-0.3292910999476391
-0.4750940118515706,1.0,0.021599289893363793,0.09002065523546188,0.08610048224593839,-0.352257997393695,-0.7012345877421431
0.6165301529262297,0.7994280700072847,-0.6655356560405065,-0.4347728033662164,1.0,1.0,6.299021860568622
0.13856442689965262,-1.0,0.28555767621813033,-1.0,0.5507496940384352,1.0,-1.2085809002698034
0.34522677455516537,-1.0,1.0,-0.9433463787892256,-1.0,0.13186664929754743,7.528644786540696
1.0,1.0,1.0,0.2889621529482925,-0.0008126898835054686,0.6971848063559851,-3.134160208715705
-1.0,-0.07795939600438118,-0.1349655215940444,-0.6746969187794852,-0.3111579582995394,-0.1132156053254999,-0.4642896443948453
1.0,0.5067781242771681,0.11462979337907159,1.0,0.8089780057855116,1.0,1.1105825726506349
1.0,1.0,0.237041198646049,1.0,-0.03784695613427293,0.2875192112496212,0.16255128545943504
-1.0,-1.0,-0.5625707067612924,-1.0,-0.15866133533424331,0.24701664044460503,-4.606223544288119
-1.0,0.07700435397580985,-0.9383464685378833,-0.08081439684745373,-1.0,-1.0,0.8527546174992953
-0.15203657896463224,-1.0,-1.0,-0.22819454900648595,-0.12857979425915544,-0.941513653232647,1.856046133493665
1.0,0.6193983116587081,0.14173166414761174,1.0,1.0,0.32681171425867195,-1.9048832989196391
0.90081127167102,0.8692927417166659,-1.0,-0.5443302264101851,0.057972521892231454,-1.0,0.9484486539903163
-0.9063457576722316,-0.9071181138767561,-0.3220345427519582,-1.0,0.4337073604028795,-1.0,5.505462226244194
1.0,1.0,1.0,0.4347848957266425,-1.0,0.2661721320319147,1.992961969302136
-0.25002829834936924,-0.9883150414068336,0.23239594771353234,-1.0,-0.9995748551711628,0.4567739572595582,4.103332801036898
-0.9591566560261839,-0.6947886468187342,0.7486726120338335,-0.2952971752836935,-0.28760503812012717,1.0,-2.6252461354199808
-1.0,0.4421101593488658,0.3378224311277549,-1.0,-1.0,-1.0,-1.3040056425091096
0.754850188052536,1.0,1.0,0.6674548437913063,0.028607063249375175,0.6376290597518409,-4.934089388279501
-0.32573843592571183,-0.1472728425726353,-1.0,-1.0,1.0,0.4449743006642189,1.4889939716569354
-0.0012228918427774627,-1.0,-0.7925646674990705,-1.0,1.0,1.0,-0.9220459816282077
-1.0,-0.16579124373065401,-0.41997834142476265,-1.0,0.15494716088651286,-0.661958897642899,2.101423474640853
-1.0,-1.0,-0.7237439414448996,-0.33746655170749484,-0.03304425325310506,0.3880708965289072,-3.2414526977825426
0.5104117383485232,1.0,1.0,0.41437658110474573,0.01220550328897485,-1.0,-0.7428174202283446
-0.6230278635220607,-0.5901093846153,-1.0,-1.0,-0.053991339890153034,0.7894684684903489,0.6489088672143509
0.16604841155692895,0.8361102864543959,1.0,1.0,0.33925844095930946,0.7111024908338646,-4.872709391455757
-1.0,0.893980805272321,-1.0,-0.26671889638962476,-0.831269523000755,-1.0,3.3273826834606264
0.13127316842627623,1.0,0.29299112846600806,-0.07090736911087259,0.8766843315006714,1.0,4.015264566295661
-0.3774705192249844,-0.08414910761110994,0.30042725331113945,0.6089651612135687,-0.1980313324910996,-0.11936994930398193,0.06916735137286573
0.5893218725422091,-0.38257730054867345,-0.5832220533544765,0.10126722801301424,-1.0,-0.08280789839026714,0.9467948644660711
0.5724286455490957,0.09419902813167513,-1.0,-0.04628142730564311,-0.264764281487879,1.0,5.738378544930447
1.0,1.0,0.6780017262957678,-0.7421651443729063,-1.0,-0.35615898809898594,3.908126904866515
0.9109977092334383,1.0,-0.19785215449753052,-0.09977456684380503,0.23313239581249756,-0.14510856927620747,-0.8612918252998567
-0.740111639596865,0.41215036349626505,0.7190613993920663,-0.4948769849228094,0.28420414624719426,0.9524498970289116,0.5035759947339099
-1.0,-1.0,-0.0943965577564565,-0.7006064005464672,-0.07937085012790124,1.0,-2.6484850589012616
0.7466769371624684,1.0,1.0,0.8118031473653418,1.0,0.08167896134719177,-6.724120380077356
0.17670370339666452,0.7135121730908809,1.0,1.0,0.2538308455763556,-0.7514675621491934,-1.9250906924548739
0.6563851924219167,-0.1273006766660082,-1.0,1.0,0.025712082221104382,0.34976966309354274,-0.6378498021103851
0.5750478046348121,0.8524937268854158,1.0,1.0,-0.5049775594340327,-0.6447752580272771,0.5690100269376972
-0.8424060211911641,-1.0,-1.0,-0.833982223088134,-0.111532515072158,-1.0,4.703420601587925
1.0,0.5218471957459205,0.5414946091229461,1.0,-1.0,-0.008506358092339905,3.098095171199761
